-- --------------------------------------------------------
-- Host:                         127.0.0.1
-- Versión del servidor:         10.1.13-MariaDB - mariadb.org binary distribution
-- SO del servidor:              Win32
-- HeidiSQL Versión:             9.4.0.5154
-- --------------------------------------------------------

/*!40101 SET @OLD_CHARACTER_SET_CLIENT=@@CHARACTER_SET_CLIENT */;
/*!40101 SET NAMES utf8 */;
/*!50503 SET NAMES utf8mb4 */;
/*!40014 SET @OLD_FOREIGN_KEY_CHECKS=@@FOREIGN_KEY_CHECKS, FOREIGN_KEY_CHECKS=0 */;
/*!40101 SET @OLD_SQL_MODE=@@SQL_MODE, SQL_MODE='NO_AUTO_VALUE_ON_ZERO' */;


-- Volcando estructura de base de datos para sigsa
CREATE DATABASE IF NOT EXISTS `sigsa` /*!40100 DEFAULT CHARACTER SET latin1 */;
USE `sigsa`;

-- Volcando estructura para tabla sigsa.administradores
CREATE TABLE IF NOT EXISTS `administradores` (
  `IdAdmin` int(10) NOT NULL AUTO_INCREMENT,
  `Nombre` varchar(45) DEFAULT NULL,
  `Contrasena` varchar(45) DEFAULT NULL,
  PRIMARY KEY (`IdAdmin`)
) ENGINE=InnoDB AUTO_INCREMENT=3 DEFAULT CHARSET=utf8;

-- Volcando datos para la tabla sigsa.administradores: ~0 rows (aproximadamente)
/*!40000 ALTER TABLE `administradores` DISABLE KEYS */;
INSERT INTO `administradores` (`IdAdmin`, `Nombre`, `Contrasena`) VALUES
	(1, 'gerardo', 'bruster'),
	(2, 'adi', 'adi123');
/*!40000 ALTER TABLE `administradores` ENABLE KEYS */;

-- Volcando estructura para tabla sigsa.clientesregistrados
CREATE TABLE IF NOT EXISTS `clientesregistrados` (
  `IdCliente` int(12) NOT NULL,
  `NombreCompleto` varchar(45) DEFAULT NULL,
  `Usuario` varchar(45) DEFAULT NULL,
  `Contrasena` varchar(45) DEFAULT NULL,
  `Telefono` varchar(12) DEFAULT NULL,
  PRIMARY KEY (`IdCliente`)
) ENGINE=InnoDB DEFAULT CHARSET=utf8;

-- Volcando datos para la tabla sigsa.clientesregistrados: ~175 rows (aproximadamente)
/*!40000 ALTER TABLE `clientesregistrados` DISABLE KEYS */;
INSERT INTO `clientesregistrados` (`IdCliente`, `NombreCompleto`, `Usuario`, `Contrasena`, `Telefono`) VALUES
	(1, 'gerardo', 'bruster', 'bruster123', '12313'),
	(2, 'Rosa Castro Castillo', 'rosa56', 'castillo_', '7561239876'),
	(3, 'Gabriel Martinez Flores', 'gabi', 'martinez', '7771236751'),
	(4, 'Juan Bautista ', 'juan_', 'juanitho', '7561238965'),
	(5, 'Elizabeth García García', 'elizabeth', 'eliza', '7561224598'),
	(6, 'Gregorio Álvarez Álvarez', 'goyo', '_goyo123', '7561118965'),
	(7, 'Janetzy García Bautista', 'janetzy', 'yanetzy23', '7561235698'),
	(8, 'Luz María Rosas Nava', 'maria', '90_luzZ', '7561245687'),
	(9, 'Amelio Cristino Santana', 'amelio', 'cris_ti_no', '7561225643'),
	(10, 'Candida Cristino Castro', 'candida', 'can_cris00', '7561238734'),
	(11, 'Martimiano García Gatica', 'martín', 'martin000', '7561186523'),
	(12, 'Gerardo Gabriel Rosas Rodríguez', 'gabriel', 'bruster24', '7561019626'),
	(13, 'Eduardo Daniel Rosas Rodríguez', 'eduardo', 'daniel 05', '7561019626'),
	(14, 'Vianey Rosas Rodríguez ', 'vianey', 'rosas_09', '7561246532'),
	(15, 'Elvia Rodríguez Rodríguez', 'elvia15', 'rogui_87', '7561236597'),
	(16, 'Santa Isabel García Cristino', 'isabel', 'izabeell', '7771427776'),
	(17, 'Lucia Cristino Castro', 'LuciaA', 'Luchyi', '7561115673'),
	(18, 'Lucas Nava Gónzalez ', 'lucasz', 'lucazss1', '7561239851'),
	(19, 'Jesús José Cristòbal Ayala Garcìa', 'chucho', 'ayala_gar', '7561230945'),
	(20, 'Carlos Javier García Leyva', 'Leyva', 'carlos', '7561236732'),
	(21, 'Antonio Zazocoteco Tecuapa', 'toñitho', 'tecuapa66', '7561227643'),
	(22, 'Francisco Javier Castro Valle', 'francisco', 'pancho34', '645119076'),
	(23, 'America Acatitlan Morales', 'america', 'ame_00', '7561103265'),
	(24, 'Ariadna Alvarado Guerrero', 'ariad', 'ariadna_', '7561102390'),
	(25, 'Naty Carranza Loranca', 'nathy', 'nathyii', '7561115621'),
	(26, 'Margarita Carbajal Rodríguez', 'margarita', 'margarithaA', '7561124572'),
	(27, 'José Francisco Tlatempa ', 'francisco', 'fran_jose', '7561105423'),
	(28, 'Amado Casarrubias Guevara', 'amado', 'amado_casa', '7561247854'),
	(29, 'Mauro Villanueva Carbajal', 'mauroo', 'Mauro_98', '75611238643'),
	(30, 'Luz Areli Tlaixco Melgarejo', 'areli', 'luz_are', ''),
	(31, 'Miguel Melchor Baltazar', 'melchor', 'migue_mel', '7561075423'),
	(32, 'Daniel Acevedo Diaz', 'daniel00', 'dany89', '7561042965'),
	(33, 'Rosimagali Alonso  Flores', 'rosiy', 'maguis77', '7561727843'),
	(34, 'Alma Andraca Carbajal', 'almis', 'almis_54', '7561027643'),
	(35, 'Isabela Angeles Avila', 'isabella', 'izabella', '7561258329'),
	(36, 'Alicia Celeni Apolinar Pascualon', 'alicia', 'licha', '7561237532'),
	(37, 'Mario Bello Cuahutenango', 'mario', 'mario00', '7561112378'),
	(38, 'Noemi Casarrubias Garcia', 'Noemi', 'noemi65', '7561286534'),
	(39, 'Alondra García Bautista', 'alondra', 'alo_garcia', '7561057823'),
	(40, 'Jose Luis Garcia Sanchez', 'luis', 'jose_99', '75618265432'),
	(41, 'Antonio Hernández Carrillo', 'antonio', 'thoño77', '7561227643'),
	(42, 'Roberto Juarez Aguilar', 'rober', 'robertho55', ''),
	(43, 'Sebastián Juarez Rodriguez', 'Sebastián', 'sebas01', '7561178176'),
	(44, 'Dulce Aurora Nava Vazquez', 'dulce', 'auroraA', '7561286521'),
	(45, 'Luis Angel Saldaña Sanchez', 'angel', 'saldaña99', '7561114532'),
	(46, 'Elias Sanchez Garcia', 'elias77', 'san_eli', '7561116793'),
	(47, 'Selena Tecuapa', 'selena', 'sele4532', '7561825621'),
	(48, 'Juan Alberto Jaimes Enriqueño', 'juan', 'juanito23', '7561238703'),
	(49, 'Candida Venegas Garcia', 'candiy', 'candyda_ve', '751095621'),
	(50, 'Alexis Venegas Ramón', 'alexis', 'alexisZ', '7561027821'),
	(51, 'Yair Rodolfo Aguilar Salazar', 'yair', 'rodoYair', '7561117823'),
	(52, 'Sandra Álvez Bello', 'sandyy', 'sandy675', '7561019845'),
	(53, 'Karen Itzel Bernabe Elodio', 'karen', 'Bernabe_itzel', '7561230534'),
	(54, 'Cristina Borrachando Garcia', 'cristina', 'cristhynA', '7561016534'),
	(55, 'Ignacio Carreto Flores', 'flores', 'Nachitho0', '7561194532'),
	(56, 'Jaime Cuajicalco Casarrubias', 'jaime', 'jaimithoo67', '7561186532'),
	(57, 'Jesus Vazquéz Garcia', 'chucho', 'chichitho0', '7561230610'),
	(58, 'Yatziry Jaimes Zamudio', 'Yatziry', 'yatzirY', '7561278354'),
	(59, 'Ruby Etzel López Castillo', 'Ruby', 'Etzel_Lopez', '7561124501'),
	(60, 'José luis Bautista Hernández', 'jose', 'jose_luis', '7561185621'),
	(61, 'Socorro Moyao Ariza', 'Socorro', 'soco_532', '7561118432'),
	(62, 'Felix Ramos Vazquez', 'felix', 'felixZZ', '7561205643'),
	(63, 'Eutiquia Salvador Morales', 'Eutiquia', 'euti_salvador', '756124762'),
	(64, 'Osvaldo Sánchez Salas', 'Osvaldo', 'osval_5421', '7561197831'),
	(65, 'Gloria Tepequillo Sevilla', 'Gloria', 'Tepequillo00', '7561124532'),
	(66, 'Cornelio Tecongo Iglesias', 'cornelio', 'iglesias', ''),
	(67, 'Fabian Alvez Bello', 'Fabian', 'fabian00', '7561207432'),
	(68, 'Alejandro Cruseño Elodio', 'Alejandro', 'aleCruseño', '7561216743'),
	(69, 'Omar Jaimes Jaimes', 'omar', 'o0mar', ''),
	(70, 'José García Moreno', 'jose', 'garcia000', ''),
	(71, 'Socorro Merino Lopez', 'Socorro', 'socomerino', '6451126743'),
	(72, 'Omar Israel Peralta Figueroa', 'israell', 'OmarIsraelll', '7561237654'),
	(73, 'Marisol Rendón Nava', 'marisol', 'mari_rendon', ''),
	(74, 'Xochitl Irene Veronica Bautista', 'irene', 'irenee_67', '7561235423'),
	(75, 'Juan Lopez Castillo', 'juanlopez', 'LopezCastillo', '7561298736'),
	(76, 'Ashlyn Lopez Policarpo', 'ashlyn', 'policarpo', '7561234680'),
	(77, 'Alison Lopez Policarpo', 'keilany', 'alison_key', '7561234678'),
	(78, 'Giovanni Lopez Castillo', 'gioLoc', 'loc89', '7561082262'),
	(79, 'Roselia Policarpo Villar', 'ross', 'villarp', '7561451234'),
	(80, 'Nantzi Policarpo Villar', 'Nantzi', 'otilia', '7561229031'),
	(81, 'Elmer Policarpo Villar', 'ElmerP', 'Villar_elmer', '7471653820'),
	(82, 'Briseida Policarpo Villar', 'BrisaV', 'PoliVi', '7561297654'),
	(83, 'Jose Lopez Flores', 'jlflo', 'lopezfl', '7561234569'),
	(84, 'Fernando López Flores', 'Fer_90', '12fer90', '7471234659'),
	(85, 'Elena Lopez Flores', 'lenalo', 'lo_elena0', '7471256390'),
	(86, 'Juan Monica Nava', 'Juan_monica', 'juanmonica', '7561243903'),
	(87, 'Carlos Monica Nava', 'Charli', 'nava21', '7561429937'),
	(88, 'Karen Milene Mónica Nava', 'MilenM', 'milenenava', '7561982999'),
	(89, 'Jose Monica Nava', 'Chemo', 'Chemito', '7561264973'),
	(90, 'Meredith Mónica Nava', 'mere', 'dith', NULL),
	(91, 'Naomi Guadalupe Torres Vela', 'nano89', 'torres89', '7561459821'),
	(92, 'Lucero de Jesús Sanches', 'Lucero_san', 'jesús23', '7561114576'),
	(93, 'Francisco Monica Barrios', 'panchoBa', 'BAMOFra', NULL),
	(94, 'Lucia Nava Hermejildo', 'luci', 'herme-jildo', '7476532000'),
	(95, 'Alberta Hermejildo Romero', 'Rome-rito', 'jildo.alberta', '7561297456'),
	(96, 'Benita Barrios Dircio', 'nibadir', 'barrios.dir', NULL),
	(97, 'Elide Garcia Bernaldez', 'elide', 'garciaberna', '7561783456'),
	(98, 'Magia Luciano Calderon', 'magic0', 'calderon89', '7561256390'),
	(99, 'Sara Lopez Luciano', 'lucianosara', 'saritalopez', '7561023644'),
	(100, 'Ängel Fernando Tenorio Rendon', 'angeltenorio', 'rendonfer', '7610238927'),
	(101, 'Abizay Pileño Vargas', 'Abipile', 'pilevar', NULL),
	(102, 'Socorro Miranda Miranda', 'miranda_socorro', 'miranda0', '7561900128'),
	(103, 'Marisol Flores Romero', 'Marisol', 'romero-marisol', '7561029452'),
	(104, 'Alma Delia Flores Romero', 'Delia', 'AlmaFlores', '7561052790'),
	(105, 'Ignacio Sanchez Candido', 'ignacio01', 'candidoignacio', '7561093727'),
	(106, 'Javier Moctezuma Lara', 'Javier_M', 'MoctezumaJavi', '7561236485'),
	(107, 'Reina Luis Garcia', 'Reina', 'ReinaLu', NULL),
	(108, 'Jose Agustin Garcia Romero', 'Joseagus', 'augusto', '7561092382'),
	(109, 'Diego Albergo Garcia', 'diego-a', 'albergoq', '7561097483'),
	(110, 'Julio Alberto Garcia Romero', 'Juloal', 'AlbertoGarci', '7561308261'),
	(111, 'Yareli Candido Días ', 'YareCandido', 'CandidoY', '7561027397'),
	(112, 'Guadalupe Miranda Miranda', 'lalupe', 'lupta2', '7561028364'),
	(113, 'Miriam Martinez Vargas', 'Miriam', 'Miriam_martinez', '7561028358'),
	(114, 'Sandra Montes Morales', 'Sandy', 'Sandrita3', '7561294620'),
	(115, 'Yessica Diaz Tecolapa', 'Yess', 'Diaz_teco', '7561026962'),
	(116, 'Natividad Castillo Lopez', 'Natii', 'LopezC', '7561027730'),
	(117, 'Jorge Angel Reyes', 'Jorgea', 'AngelReyes', '7561093582'),
	(118, 'Norma Andraca Hernandez', 'NormaAndra', 'Andracanorma', '7561028462'),
	(119, 'Norma Casarrubias LLuvias', 'MormisCasa', 'lachinita', NULL),
	(120, 'Luis Alberto Alonso Porillo', 'Luis', '123_luisito', '7561027300'),
	(121, 'Iztak Alonso Portillo', 'zilta', 'alonsoiztak', '7561206348'),
	(122, 'Adriana Casarrubias Hernandez', 'AdrI', 'adriss', '7561083920'),
	(123, 'Candelaria Flores Dublin', 'candy', 'dublica', '7561892631'),
	(124, 'Rocio Espinoza Rodriguez', 'Rocio1', 'chio1', '7564712399'),
	(125, 'Clemete de Jesus Shon', 'shonito', 'shon32', '5551938832'),
	(126, 'Josue Noe Garcia Castillo', 'JNoeCastillo', 'JnoeCha', '7561029368'),
	(127, 'David Garcia Castillo', 'DavidCas', 'davidCas', '7561207288'),
	(128, 'Evelin Garcia Castillo', 'arletgarcia', 'casGar', '7561097322'),
	(129, 'Josefina Castillo Rosas', 'Chepis', 'chipiscastillo', '7561284620'),
	(130, 'Ciro Castillo Gonzalez', 'Peraloca', 'peraloquita2', '7546137111'),
	(131, 'Mario Castillo Lopez', 'panzas', 'panzas3', '7561293522'),
	(132, 'Octavia Lopez Vazquez', 'octavia', 'octa23', '7564758771'),
	(133, 'Ernestina Lopez Vazquez', 'ernes', 'ernerta', '7542002221'),
	(134, 'Felix Lopez Vazquez', 'Felizlopz', 'elgreñas', '7562310001'),
	(135, 'Adrian Lopez Vazquez', 'ArianVaz', 'Vazq', '7561026021'),
	(136, 'Orfanel Lopez Vazquez', 'orfa-bnel', 'elchiclito', '7561126431'),
	(137, 'Teofila Lopez Vazquez', 'teofila', 'to-o-fi', '7561207300'),
	(138, 'Rosalio Lopez Vazquez', 'rosaliol', 'rosaliolopezv', '7561432094'),
	(139, 'Victor Lopez Vazquez', 'vicvaz', 'vazvict', '7561029333'),
	(140, 'Juan Zamudio Lopez', 'juanzamu', 'juanzamudio', '7561209284'),
	(141, 'Delfina Zamudio Lopez', 'delfiza0', 'delfizam0', '7561998231'),
	(142, 'Blandina Hernandez Gutierrez', 'Blandina', 'blandina_guti', '7564756290'),
	(143, 'Fabiola Hernandez Gutierrez', 'fibiss', 'fabiss1', '7471582392'),
	(144, 'Marceci Hernandez Gutierrez', 'marceci', 'marceci.guti', '7474712450'),
	(145, 'Nelly Hernandez Gutierrez', 'Nellyher', 'NellyHernan', '7561284310'),
	(146, 'Jesus Zamudio Venegas', 'JesusVene', 'jesusvene', '7561520000'),
	(147, 'Guadalupe Zamudio Castillo', 'GuadalupezaCa', 'GuadalupezaCa', '7561002849'),
	(148, 'Monserrat Zamudio Castillo', 'monchisza', 'monchisza', NULL),
	(149, 'Jesus Eduardo Zamudio Castillo', 'JEduza', 'jeduza', '7562937790'),
	(150, 'Eduardo Mendoza Rivera', 'EduMen', 'EdusmenRi', '7472510232'),
	(151, 'Ángel de Jesus Pimentel Terrero', 'angel05', 'angel1205', '7561107520'),
	(152, 'Jesús Alejandro Andraca Acevedo', 'alexje', 'alexje', '7561092499'),
	(153, 'Juan Flores Chino', 'juanflochi', 'juanflochi', '7561427390'),
	(154, 'Jenny Flores Chino', 'jenflochin', 'jenflochin', '7561297462'),
	(155, 'Pablo Jaimes Dircio', 'lavaca', 'lavacadir', '7561293702'),
	(156, 'Bertin Gomez Juxca', 'juxcabe', 'juxcabe', '7561009310'),
	(157, 'Armando Garcia Cantoran ', 'armando', 'armandoGarcia', '7560823091'),
	(158, 'Alejandro Garcia Cantoran', 'alexGarci', 'alexGarci', NULL),
	(159, 'Jose Garcia Cantoran', 'jose_garciaCa', 'jose_garciaCa', '7562027001'),
	(160, 'Leonila Cantoran Gatica', 'nila.nila', 'nilanila', '7561283210'),
	(161, 'Margarito Gacia Sanchez', 'MargaSan', 'MargaSan', '5557829100'),
	(162, 'Gilberto Lopez Gatica', 'GilLo1', 'GilLo1', '2227812082'),
	(163, 'Victoria Vazquez Vargas', 'Vito.vito', 'vitito.tito', '6661293000'),
	(164, 'Fortunato Castillo Lopez', 'Fotunaca', 'fotunaca', '2228921274'),
	(165, 'Felix Rosas Gonzalez', 'FelixRosasGon', 'felixrosasgon', '7771230882'),
	(166, 'Jenny López Luciano', 'jennyLulo', 'jennylulo', '7561230982'),
	(167, 'Victor Manuel López Luciano', 'VicMaloLu', 'vicmalolu', '2222290319'),
	(168, 'Bernardo Jimenez García', 'BerJi', 'berji', '7771922291'),
	(169, 'Carlos Jimenez García', 'carlos_jiga', 'carlos_jiga', '7462017892'),
	(170, 'Manuel Ocampo Herrera', 'manuOcampo', 'manuOcampo', '7561092739'),
	(171, 'Yuri Herrera Moctezuma', 'yuhemoc', 'yuhemoc', '6661938222'),
	(172, 'Ximena García Hernandez', 'ximher', 'ximher', '7771450099'),
	(173, 'Yesenia Cordero Nava', 'YesiCor', 'yesicor', '7561457620'),
	(174, 'Rosa elia Díaz Terrero', 'rosaElidi', 'rosaElidi', '7778913022'),
	(175, 'Rocio de Jesús Sanchez', 'rociHernan', 'rocihernan', '7771283762');
/*!40000 ALTER TABLE `clientesregistrados` ENABLE KEYS */;

-- Volcando estructura para tabla sigsa.detallespedidos
CREATE TABLE IF NOT EXISTS `detallespedidos` (
  `IdListaPedido` int(30) NOT NULL,
  `ClavePlatillo` varchar(12) NOT NULL,
  `Arroz` int(2) DEFAULT NULL,
  `Pasta` int(2) DEFAULT NULL,
  `Salsa` int(2) DEFAULT NULL,
  `PrecioUnitario` double DEFAULT NULL,
  `Cantidad` int(10) DEFAULT NULL,
  `PrecioSubtotal` double DEFAULT NULL,
  KEY `fk_DETALLESPEDIDOS_PLATILLOS1_idx` (`ClavePlatillo`),
  KEY `fk_DETALLESPEDIDOS_LISTADOPEDIDOS1_idx` (`IdListaPedido`),
  CONSTRAINT `fk_DETALLESPEDIDOS_LISTADOPEDIDOS1` FOREIGN KEY (`IdListaPedido`) REFERENCES `listadopedidos` (`IdListaPedido`) ON DELETE NO ACTION ON UPDATE NO ACTION,
  CONSTRAINT `fk_DETALLESPEDIDOS_PLATILLOS1` FOREIGN KEY (`ClavePlatillo`) REFERENCES `platillos` (`ClavePlatillo`) ON DELETE NO ACTION ON UPDATE NO ACTION
) ENGINE=InnoDB DEFAULT CHARSET=utf8;

-- Volcando datos para la tabla sigsa.detallespedidos: ~189 rows (aproximadamente)
/*!40000 ALTER TABLE `detallespedidos` DISABLE KEYS */;
INSERT INTO `detallespedidos` (`IdListaPedido`, `ClavePlatillo`, `Arroz`, `Pasta`, `Salsa`, `PrecioUnitario`, `Cantidad`, `PrecioSubtotal`) VALUES
	(134, 'p1LCR', 1, 0, 0, 30, 1, 45),
	(134, 'p1LCR', 1, 1, 0, 30, 2, 90),
	(135, 'p1LCR', 0, 1, 2, 30, 3, 115),
	(136, 'p1LCR', 2, 0, 1, 30, 2, 95),
	(137, 'p1LCR', 0, 0, 0, 30, 4, 120),
	(138, 'p1LCR', 0, 0, 4, 30, 5, 170),
	(139, 'p1LCR', 1, 1, 1, 30, 5, 185),
	(140, 'p1LCR', 1, 0, 0, 30, 2, 75),
	(141, 'p1LCR', 2, 0, 0, 30, 2, 90),
	(142, 'p10RPP', 0, 0, 1, 50, 1, 55),
	(143, 'p10RPP', 0, 0, 1, 50, 2, 105),
	(144, 'p10RPP', 0, 0, 1, 50, 3, 155),
	(145, 'p10RPP', 0, 0, 9, 50, 9, 495),
	(146, 'p10RPP', 5, 0, 0, 50, 5, 325),
	(147, 'p10RPP', 5, 5, 10, 50, 10, 700),
	(148, 'p10RPP', 0, 0, 0, 50, 1, 50),
	(149, 'p8FBT', 0, 0, 1, 50, 1, 55),
	(150, 'p8FBT', 1, 0, 0, 50, 2, 115),
	(151, 'p8FBT', 0, 0, 0, 50, 7, 350),
	(152, 'p8FBT', 0, 0, 0, 50, 8, 400),
	(153, 'p8FBT', 0, 0, 0, 50, 3, 150),
	(154, 'p8FBT', 1, 0, 0, 50, 2, 115),
	(155, 'p1LCR', 1, 0, 0, 30, 2, 75),
	(156, 'p1LCR', 10, 10, 10, 30, 10, 650),
	(157, 'p1LCR', 0, 1, 1, 30, 1, 50),
	(158, 'p1LCR', 1, 1, 1, 30, 2, 95),
	(159, 'p10RPP', 2, 2, 2, 50, 2, 170),
	(160, 'p10RPP', 2, 2, 2, 50, 4, 270),
	(161, 'p10RPP', 2, 2, 2, 50, 4, 270),
	(161, 'p10RPP', 2, 2, 2, 50, 4, 270),
	(162, 'p10RPP', 0, 0, 0, 50, 3, 150),
	(163, 'p8FBT', 0, 0, 0, 50, 2, 100),
	(164, 'p8FBT', 0, 0, 1, 50, 1, 55),
	(165, 'p8FBT', 0, 0, 1, 50, 1, 55),
	(166, 'p8FBT', 1, 0, 1, 50, 1, 70),
	(167, 'p8FBT', 1, 0, 1, 50, 1, 70),
	(167, 'p1LCR', 1, 0, 1, 30, 1, 50),
	(167, 'p10RPP', 1, 0, 1, 50, 1, 70),
	(168, 'p10RPP', 1, 0, 1, 50, 1, 70),
	(169, 'p1LCR', 1, 0, 1, 30, 5, 170),
	(170, 'p1LCR', 1, 1, 1, 30, 3, 125),
	(171, 'p10RPP', 1, 1, 1, 50, 3, 185),
	(172, 'p10RPP', 1, 1, 1, 50, 6, 335),
	(173, 'p1LCR', 1, 1, 1, 30, 3, 125),
	(174, 'p1LCR', 0, 0, 0, 30, 9, 270),
	(175, 'p10RPP', 0, 0, 0, 50, 1, 50),
	(176, 'p8FBT', 0, 0, 0, 50, 1, 50),
	(177, 'p8FBT', 0, 1, 0, 50, 1, 65),
	(178, 'p8FBT', 0, 1, 0, 50, 1, 65),
	(179, 'p1LCR', 0, 1, 0, 30, 1, 45),
	(180, 'p1LCR', 0, 1, 0, 30, 1, 45),
	(181, 'p10RPP', 0, 1, 0, 50, 1, 65),
	(182, 'p10RPP', 0, 1, 0, 50, 1, 65),
	(183, 'p1LCR', 0, 1, 0, 30, 1, 45),
	(184, 'p10RPP', 0, 4, 0, 50, 1, 110),
	(185, 'p1LCR', 0, 0, 0, 30, 10, 300),
	(186, 'p8FBT', 0, 0, 0, 50, 3, 150),
	(187, 'p8FBT', 0, 0, 0, 50, 2, 100),
	(188, 'p10RPP', 0, 0, 0, 50, 2, 100),
	(189, 'p1LCR', 1, 1, 1, 30, 1, 65),
	(190, 'p8FBT', 1, 1, 1, 50, 1, 85),
	(190, 'p8FBT', 1, 1, 1, 50, 1, 85),
	(191, 'p1LCR', 1, 1, 1, 30, 1, 65),
	(192, 'p10RPP', 1, 1, 1, 50, 1, 85),
	(193, 'p10RPP', 2, 2, 2, 50, 2, 170),
	(194, 'p1LCR', 2, 2, 2, 30, 2, 130),
	(195, 'p8FBT', 2, 2, 2, 50, 2, 170),
	(195, 'p8FBT', 2, 2, 2, 50, 2, 170),
	(196, 'p10RPP', 3, 0, 3, 50, 3, 210),
	(197, 'p1LCR', 3, 0, 3, 30, 3, 150),
	(198, 'p8FBT', 3, 0, 3, 50, 5, 310),
	(199, 'p1LCR', 3, 0, 3, 30, 1, 90),
	(200, 'p10RPP', 3, 0, 3, 50, 1, 110),
	(201, 'p1LCR', 3, 0, 3, 30, 1, 90),
	(202, 'p8FBT', 3, 0, 3, 50, 1, 110),
	(203, 'p1LCR', 3, 0, 3, 30, 3, 150),
	(204, 'p10RPP', 3, 0, 3, 50, 3, 210),
	(205, 'p8FBT', 3, 0, 3, 50, 3, 210),
	(206, 'p1LCR', 3, 0, 3, 30, 3, 150),
	(207, 'p10RPP', 3, 0, 3, 50, 3, 210),
	(208, 'p1LCR', 3, 0, 3, 30, 1, 90),
	(209, 'p10RPP', 3, 0, 3, 50, 7, 410),
	(210, 'p1LCR', 3, 0, 3, 30, 1, 90),
	(211, 'p1LCR', 3, 0, 3, 30, 1, 90),
	(212, 'p10RPP', 3, 0, 3, 50, 1, 110),
	(213, 'p8FBT', 3, 0, 3, 50, 1, 110),
	(214, 'p1LCR', 3, 3, 3, 30, 3, 195),
	(215, 'p8FBT', 3, 3, 3, 50, 1, 155),
	(216, 'p1LCR', 3, 3, 3, 30, 1, 135),
	(217, 'p10RPP', 3, 3, 3, 50, 8, 505),
	(218, 'p1LCR', 3, 3, 3, 30, 8, 345),
	(219, 'p8FBT', 0, 0, 0, 50, 1, 50),
	(220, 'p1LCR', 0, 0, 0, 30, 1, 30),
	(221, 'p10RPP', 0, 0, 0, 50, 1, 50),
	(222, 'p1LCR', 0, 0, 0, 30, 1, 30),
	(223, 'p8FBT', 0, 0, 0, 50, 1, 50),
	(224, 'p8FBT', 0, 1, 0, 50, 1, 65),
	(225, 'p1LCR', 1, 1, 0, 30, 1, 60),
	(226, 'p10RPP', 1, 1, 0, 50, 1, 80),
	(227, 'p1LCR', 1, 3, 0, 30, 1, 90),
	(228, 'p10RPP', 1, 3, 0, 50, 4, 260),
	(229, 'p1LCR', 1, 3, 0, 30, 6, 240),
	(230, 'p10RPP', 0, 0, 0, 50, 1, 50),
	(231, 'p1LCR', 0, 0, 0, 30, 1, 30),
	(232, 'p8FBT', 1, 1, 1, 50, 3, 185),
	(233, 'p1LCR', 1, 1, 1, 30, 2, 95),
	(234, 'p10RPP', 9, 9, 9, 50, 9, 765),
	(235, 'p11AC', 1, 0, 1, 50, 1, 70),
	(236, 'p11AC', 2, 0, 2, 50, 2, 140),
	(237, 'p11AC', 0, 0, 0, 50, 1, 50),
	(238, 'p11AC', 1, 0, 1, 50, 1, 70),
	(239, 'p2PT', 1, 1, 1, 50, 5, 285),
	(240, 'p2PT', 1, 1, 1, 50, 3, 185),
	(241, 'p2PT', 1, 1, 2, 50, 2, 140),
	(242, 'p2PT', 1, 1, 2, 50, 5, 290),
	(243, 'p9RPV', 1, 1, 1, 10, 1, 45),
	(244, 'p9RPV', 1, 1, 1, 10, 2, 55),
	(245, 'p9RPV', 1, 1, 1, 10, 3, 65),
	(246, 'p2PT', 1, 0, 1, 50, 2, 120),
	(246, 'p2PT', 1, 0, 1, 50, 2, 120),
	(247, 'p11AC', 1, 2, 1, 50, 3, 200),
	(248, 'p2PT', 1, 1, 1, 50, 1, 85),
	(249, 'p11AC', 1, 1, 1, 50, 1, 85),
	(250, 'p2PT', 1, 1, 1, 50, 1, 85),
	(251, 'p9RPV', 1, 1, 1, 10, 1, 45),
	(252, 'p2PT', 1, 1, 1, 50, 1, 85),
	(253, 'p11AC', 1, 1, 1, 50, 1, 85),
	(254, 'p2PT', 1, 1, 1, 50, 1, 85),
	(255, 'p2PT', 1, 1, 1, 50, 1, 85),
	(256, 'p11AC', 1, 1, 1, 50, 1, 85),
	(257, 'p2PT', 1, 1, 1, 50, 1, 85),
	(258, 'p9RPV', 2, 1, 1, 10, 1, 60),
	(259, 'p2PT', 2, 1, 1, 50, 1, 100),
	(260, 'p11AC', 2, 1, 1, 50, 1, 100),
	(261, 'p2PT', 2, 1, 1, 50, 1, 100),
	(262, 'p11AC', 2, 1, 1, 50, 1, 100),
	(263, 'p2PT', 2, 1, 1, 50, 1, 100),
	(264, 'p11AC', 2, 1, 1, 50, 1, 100),
	(265, 'p2PT', 2, 1, 1, 50, 1, 100),
	(266, 'p9RPV', 2, 1, 1, 10, 1, 60),
	(267, 'p2PT', 2, 1, 1, 50, 1, 100),
	(268, 'p11AC', 2, 1, 1, 50, 1, 100),
	(269, 'p2PT', 2, 1, 1, 50, 1, 100),
	(270, 'p11AC', 2, 1, 1, 50, 1, 100),
	(270, 'p11AC', 2, 1, 1, 50, 1, 100),
	(271, 'p2PT', 2, 1, 1, 50, 1, 100),
	(272, 'p9RPV', 2, 1, 1, 10, 1, 60),
	(273, 'p2PT', 2, 1, 1, 50, 1, 100),
	(274, 'p9RPV', 2, 1, 1, 10, 1, 60),
	(275, 'p2PT', 2, 1, 1, 50, 1, 100),
	(276, 'p11AC', 2, 1, 1, 50, 1, 100),
	(277, 'p11AC', 2, 1, 1, 50, 2, 150),
	(278, 'p2PT', 2, 1, 1, 50, 2, 150),
	(279, 'p9RPV', 2, 1, 1, 10, 2, 70),
	(280, 'p9RPV', 2, 3, 1, 10, 2, 100),
	(281, 'p9RPV', 5, 7, 1, 10, 2, 205),
	(282, 'p2PT', 5, 7, 2, 50, 2, 290),
	(283, 'p9RPV', 0, 0, 0, 10, 2, 20),
	(283, 'p2PT', 0, 0, 0, 50, 2, 100),
	(284, 'p11AC', 0, 0, 0, 50, 2, 100),
	(285, 'p2PT', 0, 0, 0, 50, 2, 100),
	(286, 'p9RPV', 0, 0, 0, 10, 2, 20),
	(286, 'p2PT', 0, 0, 0, 50, 2, 100),
	(286, 'p2PT', 0, 0, 0, 50, 2, 100),
	(287, 'p11AC', 0, 0, 0, 50, 2, 100),
	(288, 'p2PT', 0, 0, 0, 50, 2, 100),
	(289, 'p9RPV', 0, 0, 0, 10, 2, 20),
	(290, 'p2PT', 0, 0, 0, 50, 2, 100),
	(291, 'p2PT', 2, 1, 2, 50, 2, 155),
	(292, 'p2PT', 2, 1, 4, 50, 5, 315),
	(293, 'p2PT', 2, 1, 4, 50, 6, 365),
	(294, 'p3FR', 0, 0, 1, 50, 2, 105),
	(295, 'p12AB', 1, 0, 1, 50, 3, 170),
	(295, 'p3FR', 1, 0, 1, 50, 1, 70),
	(296, 'p3FR', 0, 0, 1, 50, 4, 205),
	(296, 'p12AB', 0, 0, 1, 50, 1, 55),
	(297, 'p12AB', 1, 0, 1, 50, 1, 70),
	(298, 'p12AB', 1, 1, 1, 50, 1, 85),
	(299, 'p3FR', 1, 2, 1, 50, 3, 200),
	(300, 'p3FR', 0, 0, 1, 50, 1, 55),
	(301, 'p12AB', 0, 0, 1, 50, 2, 105),
	(301, 'p3FR', 0, 0, 1, 50, 1, 55),
	(301, 'p12AB', 0, 0, 1, 50, 1, 55),
	(302, 'p12AB', 0, 0, 1, 50, 2, 105),
	(303, 'p3FR', 0, 0, 1, 50, 1, 55),
	(303, 'p12AB', 0, 0, 1, 50, 1, 55),
	(304, 'p3FR', 0, 0, 1, 50, 2, 105),
	(305, 'p17pv', 0, 1, 1, 50, 2, 120),
	(306, 'p2PT', 1, 1, 1, 50, 2, 135),
	(307, 'p2PT', 0, 2, 3, 50, 3, 195),
	(308, 'p12AB', 1, 1, 1, 50, 3, 185),
	(309, 'p19rp', 1, 1, 1, 15, 3, 80),
	(310, 'p17pv', 0, 0, 1, 50, 2, 105),
	(311, 'p19rp', 0, 0, 1, 15, 2, 35),
	(312, 'p3FR', 0, 0, 1, 50, 2, 105),
	(312, 'p17pv', 0, 0, 1, 50, 2, 105),
	(312, 'p19rp', 0, 0, 1, 15, 2, 35),
	(313, 'p19rp', 0, 0, 1, 15, 1, 20),
	(313, 'p17pv', 0, 0, 1, 50, 1, 55),
	(313, 'p3FR', 0, 0, 1, 50, 1, 55),
	(313, 'p12AB', 0, 0, 1, 50, 1, 55),
	(314, 'p17pv', 0, 0, 1, 50, 1, 55),
	(314, 'p3FR', 0, 0, 1, 50, 1, 55),
	(315, 'p12AB', 0, 0, 1, 50, 1, 55),
	(316, 'p17pv', 0, 0, 1, 50, 1, 55),
	(316, 'p19rp', 0, 0, 1, 15, 1, 20),
	(317, 'p10RPP', 0, 0, 1, 50, 2, 105),
	(318, 'p2PT', 0, 0, 1, 50, 2, 105),
	(319, 'p9RPV', 1, 1, 0, 10, 2, 50),
	(320, 'p2PT', 1, 1, 2, 50, 3, 190),
	(321, 'p2PT', 1, 1, 2, 50, 1, 90),
	(322, 'p11AC', 1, 1, 1, 50, 2, 135),
	(323, 'p9RPV', 1, 1, 1, 10, 2, 55),
	(324, 'p9RPV', 0, 0, 1, 10, 2, 25),
	(326, 'p2PT', 0, 0, 1, 50, 2, 105),
	(327, 'p12AB', 0, 0, 1, 50, 1, 55);
/*!40000 ALTER TABLE `detallespedidos` ENABLE KEYS */;

-- Volcando estructura para tabla sigsa.espera
CREATE TABLE IF NOT EXISTS `espera` (
  `NumeroPedido` int(100) NOT NULL,
  `FechaPedido` varchar(20) DEFAULT NULL,
  `Cliente` int(20) DEFAULT NULL,
  `Estado` varchar(50) DEFAULT NULL,
  `Mensage` varchar(100) NOT NULL,
  PRIMARY KEY (`NumeroPedido`)
) ENGINE=InnoDB DEFAULT CHARSET=utf8;

-- Volcando datos para la tabla sigsa.espera: ~181 rows (aproximadamente)
/*!40000 ALTER TABLE `espera` DISABLE KEYS */;
INSERT INTO `espera` (`NumeroPedido`, `FechaPedido`, `Cliente`, `Estado`, `Mensage`) VALUES
	(134, '25/11/2017', 1, 'rechazado', ''),
	(135, '25/11/2017', 1, 'vendido', ''),
	(136, '25/11/2017', 1, 'pendiente', ''),
	(137, '25/11/2017', 1, 'vendido', ''),
	(138, '25/11/2017', 1, 'vendido', ''),
	(139, '25/11/2017', 1, 'vendido', ''),
	(140, '25/11/2017', 1, 'vendido', ''),
	(141, '25/11/2017', 1, 'rechazado', ''),
	(142, '25/11/2017', 1, 'vendido', ''),
	(143, '25/11/2017', 1, 'vendido', ''),
	(144, '25/11/2017', 1, 'vendido', ''),
	(145, '25/11/2017', 1, 'vendido', ''),
	(146, '25/11/2017', 1, 'vendido', ''),
	(147, '26/11/2017', 1, 'pendiente', ''),
	(148, '26/11/2017', 1, 'pendiente', ''),
	(149, '26/11/2017', 1, 'vendido', ''),
	(150, '26/11/2017', 1, 'vendido', ''),
	(151, '26/11/2017', 1, 'pendiente', ''),
	(152, '26/11/2017', 1, 'pendiente', ''),
	(153, '26/11/2017', 1, 'vendido', ''),
	(154, '26/11/2017', 1, 'rechazado', ''),
	(155, '27/11/2017', 1, 'vendido', ''),
	(156, '27/11/2017', 1, 'vendido', ''),
	(157, '27/11/2017', 1, 'vendido', ''),
	(158, '27/11/2017', 1, 'rechazado', ''),
	(159, '27/11/2017', 1, 'vendido', ''),
	(160, '27/11/2017', 1, 'pendiente', ''),
	(161, '27/11/2017', 1, 'pendiente', ''),
	(162, '27/11/2017', 1, 'vendido', ''),
	(163, '27/11/2017', 1, 'rechazado', ''),
	(164, '27/11/2017', 1, 'rechazado', ''),
	(165, '28/11/2017', 1, 'vendido', ''),
	(166, '28/11/2017', 1, 'vendido', ''),
	(167, '28/11/2017', 1, 'vendido', ''),
	(168, '28/11/2017', 1, 'pendiente', ''),
	(169, '28/11/2017', 1, 'vendido', ''),
	(170, '28/11/2017', 1, 'vendido', ''),
	(171, '28/11/2017', 1, 'vendido', ''),
	(172, '28/11/2017', 1, 'vendido', ''),
	(173, '29/11/2017', 1, 'pendiente', ''),
	(174, '29/11/2017', 1, 'vendido', ''),
	(175, '29/11/2017', 1, 'vendido', ''),
	(176, '29/11/2017', 1, 'pendiente', ''),
	(177, '29/11/2017', 1, 'vendido', ''),
	(178, '29/11/2017', 1, 'vendido', ''),
	(179, '29/11/2017', 1, 'pendiente', ''),
	(180, '29/11/2017', 1, 'rechazado', ''),
	(181, '29/11/2017', 1, 'vendido', ''),
	(182, '29/11/2017', 1, 'vendido', ''),
	(183, '29/11/2017', 1, 'vendido', ''),
	(184, '30/11/2017', 1, 'rechazado', ''),
	(185, '30/11/2017', 1, 'pendiente', ''),
	(186, '30/11/2017', 1, 'pendiente', ''),
	(187, '30/11/2017', 1, 'vendido', ''),
	(188, '30/11/2017', 1, 'vendido', ''),
	(189, '30/11/2017', 1, 'rechazado', ''),
	(190, '30/11/2017', 1, 'vendido', ''),
	(191, '30/11/2017', 1, 'vendido', ''),
	(192, '30/11/2017', 1, 'vendido', ''),
	(193, '30/11/2017', 1, 'vendido', ''),
	(194, '30/11/2017', 1, 'vendido', ''),
	(195, '30/11/2017', 1, 'pendiente', ''),
	(196, '30/11/2017', 1, 'pendiente', ''),
	(197, '30/11/2017', 1, 'rechazado', ''),
	(198, '30/11/2017', 1, 'vendido', ''),
	(199, '30/11/2017', 1, 'pendiente', ''),
	(200, '30/11/2017', 1, 'vendido', ''),
	(201, '30/11/2017', 1, 'vendido', ''),
	(202, '30/11/2017', 1, 'vendido', ''),
	(203, '01/12/2017', 1, 'pendiente', ''),
	(204, '01/12/2017', 1, 'vendido', ''),
	(205, '01/12/2017', 1, 'rechazado', ''),
	(206, '01/12/2017', 1, 'vendido', ''),
	(207, '01/12/2017', 1, 'aceptado', ''),
	(208, '01/12/2017', 1, 'vendido', ''),
	(209, '02/12/2017', 1, 'vendido', ''),
	(210, '02/12/2017', 1, 'rechazado', ''),
	(211, '02/12/2017', 1, 'vendido', ''),
	(212, '02/12/2017', 1, 'vendido', ''),
	(213, '02/12/2017', 1, 'rechazado', ''),
	(214, '02/12/2017', 1, 'vendido', ''),
	(215, '02/12/2017', 1, 'vendido', ''),
	(216, '02/12/2017', 1, 'rechazado', ''),
	(217, '03/12/2017', 1, 'rechazado', ''),
	(218, '03/12/2017', 1, 'pendiente', ''),
	(219, '03/12/2017', 1, 'vendido', ''),
	(220, '03/12/2017', 1, 'vendido', ''),
	(221, '03/12/2017', 1, 'vendido', ''),
	(222, '04/12/2017', 1, 'vendido', ''),
	(223, '04/12/2017', 1, 'vendido', ''),
	(224, '04/12/2017', 1, 'pendiente', ''),
	(225, '04/12/2017', 1, 'vendido', ''),
	(226, '04/12/2017', 1, 'vendido', ''),
	(227, '04/12/2017', 1, 'vendido', ''),
	(228, '05/12/2017', 1, 'vendido', ''),
	(229, '05/12/2017', 1, 'rechazado', ''),
	(230, '05/12/2017', 1, 'vendido', ''),
	(231, '05/12/2017', 1, 'pendiente', ''),
	(232, '05/12/2017', 1, 'vendido', ''),
	(233, '05/12/2017', 1, 'pendiente', ''),
	(234, '05/12/2017', 1, 'pendiente', ''),
	(235, '06/12/2017', 1, 'vendido', ''),
	(236, '06/12/2017', 1, 'pendiente', ''),
	(237, '06/12/2017', 1, 'vendido', ''),
	(238, '06/12/2017', 1, 'vendido', ''),
	(239, '06/12/2017', 1, 'rechazado', ''),
	(240, '06/12/2017', 1, 'vendido', ''),
	(241, '06/12/2017', 1, 'vendido', ''),
	(242, '06/12/2017', 1, 'vendido', ''),
	(243, '06/12/2017', 1, 'rechazado', ''),
	(244, '06/12/2017', 1, 'vendido', ''),
	(245, '07/12/2017', 1, 'vendido', ''),
	(246, '07/12/2017', 1, 'vendido', ''),
	(247, '07/12/2017', 1, 'vendido', ''),
	(248, '07/12/2017', 1, 'vendido', ''),
	(249, '07/12/2017', 1, 'pendiente', ''),
	(250, '07/12/2017', 1, 'rechazado', ''),
	(251, '07/12/2017', 1, 'rechazado', ''),
	(252, '07/12/2017', 1, 'vendido', ''),
	(253, '08/12/2017', 1, 'rechazado', ''),
	(254, '08/12/2017', 1, 'pendiente', ''),
	(255, '08/12/2017', 1, 'pendiente', ''),
	(256, '08/12/2017', 1, 'vendido', ''),
	(257, '08/12/2017', 1, 'vendido', ''),
	(258, '08/12/2017', 1, 'vendido', ''),
	(259, '08/12/2017', 1, 'vendido', ''),
	(260, '09/12/2017', 1, 'rechazado', ''),
	(261, '09/12/2017', 1, 'pendiente', ''),
	(262, '09/12/2017', 1, 'rechazado', ''),
	(263, '09/12/2017', 1, 'pendiente', ''),
	(264, '09/12/2017', 1, 'vendido', ''),
	(265, '09/12/2017', 1, 'vendido', ''),
	(266, '09/12/2017', 1, 'vendido', ''),
	(267, '09/12/2017', 1, 'rechazado', ''),
	(268, '09/12/2017', 1, 'vendido', ''),
	(269, '09/12/2017', 1, 'vendido', ''),
	(270, '10/12/2017', 1, 'pendiente', ''),
	(271, '10/12/2017', 1, 'vendido', ''),
	(272, '10/12/2017', 1, 'pendiente', ''),
	(273, '10/12/2017', 1, 'vendido', ''),
	(274, '10/12/2017', 1, 'vendido', ''),
	(275, '10/12/2017', 1, 'pendiente', ''),
	(276, '10/12/2017', 1, 'rechazado', ''),
	(277, '10/12/2017', 1, 'pendiente', ''),
	(278, '10/12/2017', 1, 'vendido', ''),
	(279, '11/12/2017', 1, 'vendido', ''),
	(280, '11/12/2017', 1, 'vendido', ''),
	(281, '11/12/2017', 1, 'rechazado', ''),
	(282, '11/12/2017', 1, 'rechazado', ''),
	(283, '11/12/2017', 1, 'vendido', ''),
	(284, '11/12/2017', 1, 'vendido', ''),
	(285, '11/12/2017', 1, 'rechazado', ''),
	(286, '11/12/2017', 1, 'rechazado', ''),
	(287, '11/12/2017', 1, 'rechazado', ''),
	(288, '11/12/2017', 1, 'vendido', ''),
	(289, '12/12/2017', 1, 'vendido', ''),
	(290, '12/12/2017', 1, 'vendido', ''),
	(291, '12/12/2017', 1, 'rechazado', ''),
	(292, '12/12/2017', 1, 'vendido', ''),
	(293, '12/12/2017', 1, 'vendido', ''),
	(294, '13/12/2017', 1, 'vendido', ''),
	(295, '13/12/2017', 1, 'vendido', ''),
	(296, '13/12/2017', 1, 'vendido', ''),
	(297, '13/12/2017', 1, 'vendido', ''),
	(298, '13/12/2017', 1, 'rechazado', ''),
	(299, '13/12/2017', 1, 'vendido', ''),
	(300, '13/12/2017', 1, 'vendido', ''),
	(301, '13/12/2017', 1, 'vendido', ''),
	(302, '13/12/2017', 1, 'aceptado', ''),
	(303, '13/12/2017', 1, 'aceptado', ''),
	(304, '13/12/2017', 1, 'pendiente', ''),
	(305, '13/12/2017', 1, 'pendiente', ''),
	(306, '26/12/2017', 69, 'rechazado', ''),
	(307, '26/12/2017', 1, 'pendiente', ''),
	(308, '27/12/2017', 1, 'aceptado', ''),
	(309, '27/12/2017', 1, 'aceptado', 'tu pedido fue aceptado'),
	(310, '27/12/2017', 1, 'rechazado', 'Tu pedido esta ciendo prosezado'),
	(311, '27/12/2017', 1, 'aceptado', 'Tu pedido esta ciendo prosezado'),
	(312, '27/12/2017', 1, 'rechazado', 'Tu pedido esta ciendo prosezado'),
	(313, '27/12/2017', 1, 'rechazado', 'Tu pedido esta ciendo prosezado'),
	(314, '27/12/2017', 1, 'pendiente', 'Tu pedido esta ciendo prosezado'),
	(315, '27/12/2017', 1, 'vendido', 'Tu pedido esta ciendo prosezado'),
	(316, '27/12/2017', 69, 'vendido', 'Tu pedido esta ciendo prosezado'),
	(317, '01/01/2018', 1, 'pendiente', 'Tu pedido esta ciendo prosezado'),
	(318, '02/01/2018', 1, 'rechazado', 'Tu pedido esta ciendo prosezado'),
	(319, '02/01/2018', 1, 'vendido', 'Tu pedido esta ciendo prosezado'),
	(320, '02/01/2018', 69, 'pendiente', 'Tu pedido esta ciendo prosezado'),
	(321, '02/01/2018', 1, 'aceptado', 'Tu pedido esta ciendo prosezado'),
	(322, '02/01/2018', 69, 'pendiente', 'Tu pedido esta ciendo prosezado'),
	(323, '02/01/2018', 69, 'pendiente', 'Tu pedido esta ciendo prosezado'),
	(324, '02/01/2018', 69, 'pendiente', 'Tu pedido esta ciendo prosezado'),
	(325, '02/01/2018', 69, 'pendiente', 'Tu pedido esta ciendo prosezado'),
	(326, '02/01/2018', 69, 'pendiente', 'Tu pedido esta ciendo prosezado'),
	(327, '10/01/2018', 69, 'aceptado', 'Tu pedido esta ciendo prosezado');
/*!40000 ALTER TABLE `espera` ENABLE KEYS */;

-- Volcando estructura para tabla sigsa.imagenes
CREATE TABLE IF NOT EXISTS `imagenes` (
  `ClaveImg` int(12) NOT NULL AUTO_INCREMENT,
  `Nombre` varchar(45) DEFAULT NULL,
  PRIMARY KEY (`ClaveImg`)
) ENGINE=InnoDB AUTO_INCREMENT=28 DEFAULT CHARSET=utf8;

-- Volcando datos para la tabla sigsa.imagenes: ~25 rows (aproximadamente)
/*!40000 ALTER TABLE `imagenes` DISABLE KEYS */;
INSERT INTO `imagenes` (`ClaveImg`, `Nombre`) VALUES
	(1, 'Alitascoreanas.jpg'),
	(2, 'Bolitasdepuercoagridulce.jpg'),
	(3, 'Pollo-con-Anacardos.jpg'),
	(4, 'Resconverduras.jpg'),
	(5, 'verduras.jpg'),
	(7, 'champinones.jpg'),
	(8, 'Chop-suey-de-pollo.jpg'),
	(9, 'Costillitas.jpg'),
	(10, 'Filete-de-pescado-tempura.png'),
	(11, 'Pollo-con-verduras.jpg'),
	(12, 'Resconverduras.jpg'),
	(13, 'Puerco-con-verduras.jpg'),
	(14, 'Puerco-tempura.jpg'),
	(15, 'Rollitosprimaveraconpollo.jpg'),
	(16, 'Salsa-Teriyaki.jpg'),
	(17, 'Sushi.jpg'),
	(18, 'Sushidecamarontempura.jpg'),
	(19, 'Wontondecarne.jpg'),
	(20, 'AlitasalaBBQ.jpg'),
	(21, 'Rollitosprimaveraconpollo.jpg'),
	(22, 'CostillitasaLaBBQ.jpg'),
	(23, 'camaronesconverdura.jpg'),
	(24, 'Estofadoderesjapones.jpg'),
	(25, 'lasagnaderes.jpg'),
	(26, 'Fajitasderes.jpg'),
	(27, 'fghfg.jpg');
/*!40000 ALTER TABLE `imagenes` ENABLE KEYS */;

-- Volcando estructura para tabla sigsa.listadopedidos
CREATE TABLE IF NOT EXISTS `listadopedidos` (
  `IdListaPedido` int(30) NOT NULL AUTO_INCREMENT,
  `FechaPedido` varchar(45) DEFAULT NULL,
  `HoraPedido` varchar(45) DEFAULT NULL,
  `Estado` varchar(45) DEFAULT NULL,
  `Total` double DEFAULT NULL,
  `Ubicacion` int(12) NOT NULL,
  `IdCliente` int(12) NOT NULL,
  PRIMARY KEY (`IdListaPedido`),
  KEY `fk_LISTADOPEDIDOS_UBICACION1_idx` (`Ubicacion`),
  KEY `fk_LISTADOPEDIDOS_CLIENTESREGISTRADOS1_idx` (`IdCliente`),
  CONSTRAINT `fk_LISTADOPEDIDOS_CLIENTESREGISTRADOS1` FOREIGN KEY (`IdCliente`) REFERENCES `clientesregistrados` (`IdCliente`) ON DELETE NO ACTION ON UPDATE NO ACTION,
  CONSTRAINT `fk_LISTADOPEDIDOS_UBICACION1` FOREIGN KEY (`Ubicacion`) REFERENCES `ubicacion` (`ClaveUbicacion`) ON DELETE NO ACTION ON UPDATE NO ACTION
) ENGINE=InnoDB AUTO_INCREMENT=328 DEFAULT CHARSET=utf8;

-- Volcando datos para la tabla sigsa.listadopedidos: ~173 rows (aproximadamente)
/*!40000 ALTER TABLE `listadopedidos` DISABLE KEYS */;
INSERT INTO `listadopedidos` (`IdListaPedido`, `FechaPedido`, `HoraPedido`, `Estado`, `Total`, `Ubicacion`, `IdCliente`) VALUES
	(134, '25/11/2017', '11:52:14 AM', 'rechazado', 135, 147, 1),
	(135, '30/11/2017', '11:54:19 AM', 'vendido', 115, 148, 1),
	(136, '25/11/2017', '12:35:10 PM', 'pendiente', 95, 149, 1),
	(137, '30/11/2017', '12:47:34 PM', 'vendido', 120, 150, 1),
	(138, '29/11/2017', '01:00:36 PM', 'vendido', 170, 151, 1),
	(139, '01/12/2017', '01:21:22 PM', 'vendido', 185, 152, 1),
	(140, '30/11/2017', '01:48:32 PM', 'vendido', 75, 153, 1),
	(141, '25/11/2017', '02:11:28 PM', 'rechazado', 90, 154, 1),
	(142, '06/12/2017', '02:34:43 PM', 'vendido', 55, 155, 1),
	(143, '03/12/2017', '03:13:31 PM', 'vendido', 105, 156, 1),
	(144, '05/12/2017', '03:34:15 PM', 'vendido', 155, 157, 1),
	(145, '10/12/2017', '04:14:56 PM', 'vendido', 495, 158, 1),
	(146, '03/12/2017', '04:15:39 PM', 'vendido', 325, 159, 1),
	(147, '26/11/2017', '11:16:19 AM', 'pendiente', 700, 160, 1),
	(148, '26/11/2017', '11:47:05 AM', 'pendiente', 50, 161, 1),
	(149, '08/12/2017', '11:58:50 AM', 'vendido', 55, 162, 1),
	(150, '27/11/2017', '12:21:25 PM', 'vendido', 115, 163, 1),
	(151, '26/11/2017', '12:42:07 PM', 'pendiente', 350, 164, 1),
	(152, '26/11/2017', '01:23:20 PM', 'pendiente', 400, 165, 1),
	(153, '26/11/2017', '02:23:51 PM', 'vendido', 150, 166, 1),
	(154, '26/11/2017', '04:24:34 PM', 'rechazado', 115, 167, 1),
	(155, '12/12/2017', '11:25:43 AM', 'vendido', 75, 168, 1),
	(156, '10/12/2017', '11:26:31 AM', 'vendido', 650, 169, 1),
	(157, '29/11/2017', '11:57:58 AM', 'vendido', 50, 170, 1),
	(158, '13/12/2017', '12:00:34 PM', 'rechazado', 95, 171, 1),
	(159, '12/12/2017', '12:09:30 PM', 'vendido', 170, 172, 1),
	(160, '27/11/2017', '01:30:23 PM', 'pendiente', 270, 173, 1),
	(161, '27/11/2017', '02:31:19 PM', 'pendiente', 540, 174, 1),
	(162, '29/11/2017', '03:31:54 PM', 'vendido', 150, 175, 1),
	(163, '27/11/2017', '03:52:26 PM', 'rechazado', 100, 176, 1),
	(164, '27/11/2017', '04:36:18 PM', 'rechazado', 55, 177, 1),
	(165, '01/12/2017', '11:36:48 AM', 'vendido', 55, 178, 1),
	(166, '02/12/2017', '12:37:31 PM', 'vendido', 70, 179, 1),
	(167, '25/11/2017', '01:38:13 PM', 'vendido', 190, 180, 1),
	(168, '28/11/2017', '01:59:06 PM', 'pendiente', 70, 181, 1),
	(169, '01/12/2017', '02:40:08 PM', 'vendido', 170, 182, 1),
	(170, '28/11/2017', '03:41:44 PM', 'vendido', 125, 183, 1),
	(171, '26/11/2017', '04:42:09 PM', 'vendido', 185, 184, 1),
	(172, '27/11/2017', '04:52:45 PM', 'vendido', 335, 185, 1),
	(173, '29/11/2017', '11:03:13 AM', 'pendiente', 125, 186, 1),
	(174, '01/12/2017', '11:44:48 AM', 'vendido', 270, 187, 1),
	(175, '26/11/2017', '12:45:52 PM', 'vendido', 50, 188, 1),
	(176, '29/11/2017', '12:46:13 PM', 'pendiente', 50, 189, 1),
	(177, '13/12/2017', '01:46:36 PM', 'vendido', 65, 190, 1),
	(178, '02/12/2017', '01:58:52 PM', 'vendido', 65, 191, 1),
	(179, '29/11/2017', '02:17:15 PM', 'pendiente', 45, 192, 1),
	(180, '29/11/2017', '02:47:37 PM', 'rechazado', 45, 193, 1),
	(181, '25/11/2017', '03:47:55 PM', 'vendido', 65, 194, 1),
	(182, '11/12/2017', '03:58:13 PM', 'vendido', 65, 195, 1),
	(183, '02/12/2017', '04:48:41 PM', 'vendido', 45, 196, 1),
	(184, '30/11/2017', '11:09:07 AM', 'rechazado', 110, 197, 1),
	(185, '30/11/2017', '11:29:36 AM', 'pendiente', 300, 198, 1),
	(186, '30/11/2017', '11:35:17 AM', 'pendiente', 150, 199, 1),
	(187, '01/12/2017', '11:50:49 AM', 'vendido', 100, 200, 1),
	(188, '06/12/2017', '11:59:15 AM', 'vendido', 100, 201, 1),
	(189, '30/11/2017', '12:01:49 PM', 'rechazado', 65, 202, 1),
	(190, '05/12/2017', '12:32:20 PM', 'vendido', 170, 203, 1),
	(191, '28/11/2017', '12:52:46 PM', 'vendido', 65, 204, 1),
	(192, '04/12/2017', '01:53:16 PM', 'vendido', 85, 205, 1),
	(193, '07/12/2017', '01:59:48 PM', 'vendido', 170, 206, 1),
	(194, '30/11/2017', '02:24:11 PM', 'vendido', 130, 207, 1),
	(195, '30/11/2017', '02:54:40 PM', 'pendiente', 340, 208, 1),
	(196, '06/12/2017', '03:15:17 PM', 'pendiente', 210, 209, 1),
	(197, '30/11/2017', '03:35:39 PM', 'rechazado', 150, 210, 1),
	(198, '06/12/2017', '03:56:04 PM', 'vendido', 310, 211, 1),
	(199, '30/11/2017', '04:06:59 PM', 'pendiente', 90, 212, 1),
	(200, '08/12/2017', '04:27:28 PM', 'vendido', 110, 213, 1),
	(201, '10/12/2017', '04:47:48 PM', 'vendido', 90, 214, 1),
	(202, '30/11/2017', '04:58:14 PM', 'vendido', 110, 215, 1),
	(203, '01/12/2017', '11:58:51 AM', 'pendiente', 150, 216, 1),
	(204, '13/12/2017', '12:59:18 PM', 'vendido', 210, 217, 1),
	(205, '01/12/2017', '01:59:52 PM', 'rechazado', 210, 218, 1),
	(206, '12/12/2017', '02:00:18 PM', 'vendido', 150, 219, 1),
	(207, '01/12/2017', '03:00:49 PM', 'aceptado', 210, 220, 1),
	(208, '01/12/2017', '04:01:21 PM', 'vendido', 90, 221, 1),
	(209, '27/11/2017', '11:01:51 AM', 'vendido', 410, 222, 1),
	(210, '02/12/2017', '11:32:09 AM', 'rechazado', 90, 223, 1),
	(211, '27/11/2017', '12:02:52 PM', 'vendido', 90, 224, 1),
	(212, '28/11/2017', '01:03:13 PM', 'vendido', 110, 225, 1),
	(213, '02/12/2017', '01:33:39 PM', 'rechazado', 110, 226, 1),
	(214, '08/12/2017', '02:04:22 PM', 'vendido', 195, 227, 1),
	(215, '04/12/2017', '03:04:52 PM', 'vendido', 155, 228, 1),
	(216, '02/12/2017', '04:05:14 PM', 'rechazado', 135, 229, 1),
	(217, '03/12/2017', '12:05:41 PM', 'rechazado', 505, 230, 1),
	(218, '03/12/2017', '01:06:08 PM', 'pendiente', 345, 231, 1),
	(219, '06/12/2017', '02:06:43 PM', 'vendido', 50, 232, 1),
	(220, '03/12/2017', '03:07:16 PM', 'vendido', 30, 233, 1),
	(221, '11/12/2017', '03:47:45 PM', 'vendido', 50, 234, 1),
	(222, '13/12/2017', '11:08:18 AM', 'vendido', 30, 235, 1),
	(223, '11/12/2017', '11:19:03 AM', 'vendido', 50, 236, 1),
	(224, '04/12/2017', '11:39:30 AM', 'pendiente', 65, 237, 1),
	(225, '25/12/2017', '11:50:12 AM', 'vendido', 60, 238, 1),
	(226, '04/12/2017', '12:10:42 PM', 'vendido', 80, 239, 1),
	(227, '11/12/2017', '12:31:20 PM', 'vendido', 90, 240, 1),
	(228, '04/12/2017', '01:11:56 PM', 'vendido', 260, 241, 1),
	(229, '05/12/2017', '01:13:35 PM', 'rechazado', 240, 242, 1),
	(230, '10/12/2017', '02:14:19 PM', 'vendido', 50, 243, 1),
	(231, '12/12/2017', '02:34:52 PM', 'pendiente', 30, 244, 1),
	(232, '10/12/2017', '03:15:43 PM', 'vendido', 185, 245, 1),
	(233, '05/12/2017', '03:16:28 PM', 'pendiente', 95, 246, 1),
	(234, '05/12/2017', '03:17:31 PM', 'pendiente', 765, 247, 1),
	(235, '13/12/2017', '11:24:42 AM', 'vendido', 70, 248, 1),
	(236, '06/12/2017', '11:35:19 AM', 'pendiente', 140, 249, 1),
	(237, '11/12/2017', '11:56:22 AM', 'vendido', 50, 250, 1),
	(238, '03/12/2017', '12:27:15 PM', 'vendido', 70, 251, 1),
	(239, '06/12/2017', '12:28:15 PM', 'rechazado', 285, 252, 1),
	(240, '28/11/2017', '01:28:56 PM', 'vendido', 185, 253, 1),
	(241, '29/11/2017', '02:29:56 PM', 'vendido', 140, 254, 1),
	(242, '07/12/2017', '03:30:38 PM', 'vendido', 290, 255, 1),
	(243, '06/12/2017', '03:31:24 PM', 'rechazado', 45, 256, 1),
	(244, '28/11/2017', '04:31:54 PM', 'vendido', 55, 257, 1),
	(245, '02/12/2017', '11:32:29 AM', 'vendido', 65, 258, 1),
	(246, '05/12/2017', '12:33:05 PM', 'vendido', 240, 259, 1),
	(247, '07/12/2017', '12:53:42 PM', 'vendido', 200, 260, 1),
	(248, '05/12/2017', '01:34:15 PM', 'vendido', 85, 261, 1),
	(249, '07/12/2017', '01:54:42 PM', 'pendiente', 85, 262, 1),
	(250, '07/12/2017', '03:35:08 PM', 'rechazado', 85, 263, 1),
	(251, '07/12/2017', '03:45:39 PM', 'rechazado', 45, 264, 1),
	(252, '08/12/2017', '03:59:59 PM', 'vendido', 85, 265, 1),
	(253, '08/12/2017', '11:37:14 AM', 'rechazado', 85, 266, 1),
	(254, '08/12/2017', '11:48:12 AM', 'pendiente', 85, 267, 1),
	(255, '08/12/2017', '12:39:09 PM', 'pendiente', 85, 268, 1),
	(256, '30/11/2017', '01:39:33 PM', 'vendido', 85, 269, 1),
	(257, '25/11/2017', '02:39:59 PM', 'vendido', 85, 270, 1),
	(258, '08/12/2017', '03:40:18 PM', 'vendido', 60, 271, 1),
	(259, '09/12/2017', '04:50:53 PM', 'vendido', 100, 272, 1),
	(260, '09/12/2017', '11:21:35 AM', 'rechazado', 100, 273, 1),
	(261, '09/12/2017', '11:41:59 AM', 'pendiente', 100, 274, 1),
	(262, '09/12/2017', '12:22:30 PM', 'rechazado', 100, 275, 1),
	(263, '09/12/2017', '12:42:59 PM', 'pendiente', 100, 276, 1),
	(264, '10/12/2017', '01:33:35 PM', 'vendido', 100, 277, 1),
	(265, '11/12/2017', '01:43:56 PM', 'vendido', 100, 278, 1),
	(266, '09/12/2017', '02:44:16 PM', 'vendido', 60, 279, 1),
	(267, '09/12/2017', '03:44:46 PM', 'rechazado', 100, 280, 1),
	(268, '25/11/2017', '03:48:08 PM', 'vendido', 100, 281, 1),
	(269, '09/12/2017', '04:49:30 PM', 'vendido', 100, 282, 1),
	(270, '10/12/2017', '11:00:53 AM', 'pendiente', 200, 283, 1),
	(271, '27/11/2017', '12:01:44 PM', 'vendido', 100, 284, 1),
	(272, '10/12/2017', '12:22:11 PM', 'pendiente', 60, 285, 1),
	(273, '26/11/2017', '01:04:14 PM', 'vendido', 100, 286, 1),
	(274, '09/12/2017', '01:44:57 PM', 'vendido', 60, 287, 1),
	(275, '10/12/2017', '02:05:23 PM', 'pendiente', 100, 288, 1),
	(276, '10/12/2017', '02:26:51 PM', 'rechazado', 100, 289, 1),
	(277, '10/12/2017', '03:27:28 PM', 'pendiente', 150, 290, 1),
	(278, '29/11/2017', '03:57:59 PM', 'vendido', 150, 291, 1),
	(279, '30/11/2017', '11:32:47 AM', 'vendido', 70, 292, 1),
	(280, '12/12/2017', '11:34:30 AM', 'vendido', 100, 293, 1),
	(281, '11/12/2017', '11:35:27 AM', 'rechazado', 205, 294, 1),
	(282, '11/12/2017', '12:51:38 PM', 'rechazado', 290, 295, 1),
	(283, '26/11/2017', '12:57:51 PM', 'vendido', 120, 296, 1),
	(284, '05/12/2017', '01:58:45 PM', 'vendido', 100, 297, 1),
	(285, '11/12/2017', '01:59:43 PM', 'rechazado', 100, 298, 1),
	(286, '11/12/2017', '03:00:30 PM', 'rechazado', 220, 299, 1),
	(287, '11/12/2017', '03:01:31 PM', 'rechazado', 100, 300, 1),
	(288, '12/12/2017', '04:01:53 PM', 'vendido', 100, 301, 1),
	(289, '04/12/2017', '11:02:20 AM', 'vendido', 20, 302, 1),
	(290, '13/12/2017', '11:02:47 AM', 'vendido', 100, 303, 1),
	(291, '12/12/2017', '12:25:38 PM', 'rechazado', 155, 304, 1),
	(292, '07/12/2017', '12:34:50 PM', 'vendido', 315, 305, 1),
	(293, '13/12/2017', '12:35:30 PM', 'vendido', 365, 306, 1),
	(294, '02/12/2017', '06:25:14 AM', 'vendido', 105, 351, 1),
	(295, '09/12/2017', '07:20:08 AM', 'vendido', 240, 352, 1),
	(296, '07/12/2017', '07:23:07 AM', 'vendido', 260, 353, 1),
	(297, '13/12/2017', '07:33:21 AM', 'vendido', 70, 354, 1),
	(298, '13/12/2017', '07:35:29 AM', 'rechazado', 85, 355, 1),
	(299, '13/12/2017', '07:36:27 AM', 'vendido', 200, 356, 1),
	(300, '13/12/2017', '07:37:15 AM', 'vendido', 55, 357, 1),
	(301, '13/12/2017', '07:38:01 AM', 'vendido', 215, 358, 1),
	(302, '13/12/2017', '08:06:40 AM', 'aceptado', 105, 359, 1),
	(303, '13/12/2017', '08:09:05 AM', 'aceptado', 110, 360, 1),
	(304, '13/12/2017', '08:10:23 AM', 'pendiente', 105, 361, 1),
	(305, '13/12/2017', '10:31:29 AM', 'pendiente', 120, 362, 1),
	(306, '26/12/2017', '01:37:52 PM', 'rechazado', 135, 363, 69),
	(307, '26/12/2017', '02:06:04 PM', 'pendiente', 195, 364, 1),
	(308, '27/12/2017', '08:26:43 AM', 'aceptado', 185, 365, 1),
	(309, '27/12/2017', '08:48:43 AM', 'aceptado', 80, 366, 1),
	(310, '27/12/2017', '09:03:19 AM', 'rechazado', 105, 367, 1),
	(311, '27/12/2017', '09:07:40 AM', 'aceptado', 35, 368, 1),
	(312, '27/12/2017', '09:14:47 AM', 'rechazado', 245, 369, 1),
	(313, '27/12/2017', '09:16:27 AM', 'rechazado', 185, 370, 1),
	(314, '27/12/2017', '09:31:51 AM', 'pendiente', 110, 371, 1),
	(315, '27/12/2017', '09:43:46 AM', 'vendido', 55, 372, 1),
	(316, '27/12/2017', '12:32:35 PM', 'vendido', 75, 373, 69),
	(317, '01/01/2018', '10:09:00 PM', 'pendiente', 105, 374, 1),
	(318, '02/01/2018', '01:20:36 AM', 'rechazado', 105, 375, 1),
	(319, '02/01/2018', '01:24:10 AM', 'vendido', 50, 376, 1),
	(320, '02/01/2018', '01:40:42 AM', 'pendiente', 190, 377, 69),
	(321, '02/01/2018', '01:45:41 AM', 'aceptado', 90, 378, 1),
	(322, '02/01/2018', '02:16:44 AM', 'pendiente', 135, 379, 69),
	(323, '02/01/2018', '02:17:47 AM', 'pendiente', 55, 380, 69),
	(324, '02/01/2018', '02:19:38 AM', 'pendiente', 25, 381, 69),
	(325, '02/01/2018', '02:19:48 AM', 'pendiente', 25, 382, 69),
	(326, '02/01/2018', '02:24:10 AM', 'pendiente', 105, 383, 69),
	(327, '10/01/2018', '08:53:01 PM', 'aceptado', 55, 384, 69);
/*!40000 ALTER TABLE `listadopedidos` ENABLE KEYS */;

-- Volcando estructura para tabla sigsa.menu
CREATE TABLE IF NOT EXISTS `menu` (
  `IdMenu` int(10) NOT NULL AUTO_INCREMENT,
  `Dia` varchar(45) DEFAULT NULL,
  `Promociones` varchar(80) DEFAULT NULL,
  `HorarioApertura` varchar(45) DEFAULT NULL,
  `HorarioCierre` varchar(45) DEFAULT NULL,
  PRIMARY KEY (`IdMenu`)
) ENGINE=InnoDB AUTO_INCREMENT=8 DEFAULT CHARSET=utf8;

-- Volcando datos para la tabla sigsa.menu: ~7 rows (aproximadamente)
/*!40000 ALTER TABLE `menu` DISABLE KEYS */;
INSERT INTO `menu` (`IdMenu`, `Dia`, `Promociones`, `HorarioApertura`, `HorarioCierre`) VALUES
	(1, 'Lunes', 'Buffet libre $80.00 MX por persona, solo en el restaurante', '10:00am', '5:00pm'),
	(2, 'Martes', 'Buffet libre $80.00 MX por persona, solo en el restaurante', '10:00am', '5:00pm'),
	(3, 'Miércoles', 'con refresco', '12:00', '18:00'),
	(4, 'Jueves', 'Buffet libre $80.00 MX por persona, solo en el restaurante', '10:00am', '5:00pm'),
	(5, 'Viernes', 'Buffet libre $80.00 MX por persona, solo en el restaurante', '10:00am', '5:00pm'),
	(6, 'Sábado', 'Buffet libre $80.00 MX por persona, solo en el restaurante', '10:00am', '5:00pm'),
	(7, 'Domingo', 'Buffet libre $80.00 MX por persona, solo en el restaurante', '10:00am', '5:00pm');
/*!40000 ALTER TABLE `menu` ENABLE KEYS */;

-- Volcando estructura para tabla sigsa.pendiente
CREATE TABLE IF NOT EXISTS `pendiente` (
  `NumPedido` int(100) DEFAULT NULL,
  `FechaP` varchar(45) DEFAULT NULL,
  `Leeido` int(100) DEFAULT NULL
) ENGINE=InnoDB DEFAULT CHARSET=utf8;

-- Volcando datos para la tabla sigsa.pendiente: ~173 rows (aproximadamente)
/*!40000 ALTER TABLE `pendiente` DISABLE KEYS */;
INSERT INTO `pendiente` (`NumPedido`, `FechaP`, `Leeido`) VALUES
	(134, '25/11/2017', 0),
	(135, '30/11/2017', 0),
	(136, '25/11/2017', 0),
	(137, '30/11/2017', 0),
	(138, '29/11/2017', 0),
	(139, '01/12/2017', 0),
	(140, '30/11/2017', 0),
	(141, '25/11/2017', 0),
	(142, '06/12/2017', 0),
	(143, '03/12/2017', 0),
	(144, '05/12/2017', 0),
	(145, '10/12/2017', 0),
	(146, '03/12/2017', 0),
	(147, '26/11/2017', 0),
	(148, '26/11/2017', 0),
	(149, '08/12/2017', 0),
	(150, '27/11/2017', 0),
	(151, '26/11/2017', 0),
	(152, '26/11/2017', 0),
	(153, '26/11/2017', 0),
	(154, '26/11/2017', 0),
	(155, '12/12/2017', 0),
	(156, '10/12/2017', 0),
	(157, '29/12/2017', 0),
	(158, '13/11/2017', 0),
	(159, '12/12/2017', 0),
	(160, '27/11/2017', 0),
	(161, '27/11/2017', 0),
	(162, '29/11/2017', 0),
	(163, '27/11/2017', 0),
	(164, '27/11/2017', 0),
	(165, '01/12/2017', 0),
	(166, '02/12/2017', 0),
	(167, '25/11/2017', 0),
	(168, '28/11/2017', 0),
	(169, '01/12/2017', 0),
	(170, '28/11/2017', 0),
	(171, '26/11/2017', 0),
	(172, '27/11/2017', 0),
	(173, '29/11/2017', 0),
	(174, '01/12/2017', 0),
	(175, '26/11/2017', 0),
	(176, '29/11/2017', 0),
	(177, '13/13/2017', 0),
	(178, '02/12/2017', 0),
	(179, '29/11/2017', 0),
	(180, '29/11/2017', 0),
	(181, '25/11/2017', 0),
	(182, '11/12/2017', 0),
	(183, '29/11/2017', 0),
	(184, '30/11/2017', 0),
	(185, '02/12/2017', 0),
	(186, '30/11/2017', 0),
	(187, '01/12/2017', 0),
	(188, '06/12/2017', 0),
	(189, '30/11/2017', 0),
	(190, '05/12/2017', 0),
	(191, '28/11/2017', 0),
	(192, '04/12/2017', 0),
	(193, '07/12/2017', 0),
	(194, '30/11/2017', 0),
	(195, '30/11/2017', 0),
	(196, '06/12/2017', 0),
	(197, '13/12/2017', 0),
	(198, '06/12/2017', 0),
	(199, '30/11/2017', 0),
	(200, '08/12/2017', 0),
	(201, '10/11/2017', 0),
	(202, '30/11/2017', 0),
	(203, '01/12/2017', 0),
	(204, '13/12/2017', 0),
	(205, '01/12/2017', 0),
	(206, '12/12/2017', 0),
	(207, '01/12/2017', 0),
	(208, '08/12/2017', 0),
	(209, '27/11/2017', 0),
	(210, '02/12/2017', 0),
	(211, '27/12/2017', 211),
	(212, '28/12/2017', 0),
	(213, '02/12/2017', 0),
	(214, '08/12/2017', 0),
	(215, '04/12/2017', 0),
	(216, '02/12/2017', 0),
	(217, '03/12/2017', 0),
	(218, '03/12/2017', 0),
	(219, '06/12/2017', 0),
	(220, '03/12/2017', 0),
	(221, '11/12/2017', 0),
	(222, '13/12/2017', 0),
	(223, '11/12/2017', 0),
	(224, '04/12/2017', 0),
	(225, '25/12/2017', 0),
	(226, '04/12/2017', 0),
	(227, '11/12/2017', 0),
	(228, '04/12/2017', 0),
	(229, '05/12/2017', 0),
	(230, '10/12/2017', 0),
	(231, '12/12/2017', 0),
	(232, '10/12/2017', 0),
	(233, '05/12/2017', 0),
	(234, '05/12/2017', 0),
	(235, '12/12/2017', 0),
	(236, '06/12/2017', 0),
	(237, '11/12/2017', 0),
	(238, '03/12/2017', 0),
	(239, '06/12/2017', 0),
	(240, '28/12/2017', 0),
	(241, '29/11/2017', 0),
	(242, '07/12/2017', 0),
	(243, '06/12/2017', 0),
	(244, '28/11/2017', 0),
	(245, '02/12/2017', 0),
	(246, '05/12/2017', 0),
	(247, '07/12/2017', 0),
	(248, '05/12/2017', 0),
	(249, '07/12/2017', 0),
	(250, '07/12/2017', 0),
	(251, '07/12/2017', 0),
	(252, '08/12/2017', 0),
	(253, '08/12/2017', 0),
	(254, '08/12/2017', 0),
	(255, '08/12/2017', 0),
	(256, '08/12/2017', 0),
	(257, '25/11/2017', 0),
	(258, '08/12/2017', 0),
	(259, '09/12/2017', 0),
	(260, '09/12/2017', 0),
	(261, '09/12/2017', 0),
	(262, '09/12/2017', 0),
	(263, '09/12/2017', 0),
	(264, '10/12/2017', 0),
	(265, '11/12/2017', 0),
	(266, '02/12/2017', 0),
	(267, '09/12/2017', 0),
	(268, '25/11/2017', 0),
	(269, '09/12/2017', 0),
	(270, '10/12/2017', 0),
	(271, '27/11/2017', 0),
	(272, '10/12/2017', 0),
	(273, '26/11/2017', 0),
	(274, '09/12/2017', 0),
	(275, '10/12/2017', 0),
	(276, '10/12/2017', 0),
	(277, '10/12/2017', 0),
	(278, '29/11/2017', 0),
	(279, '30/11/2017', 0),
	(280, '12/12/2017', 0),
	(281, '11/12/2017', 0),
	(282, '11/12/2017', 0),
	(283, '26/11/2017', 0),
	(284, '05/12/2017', 0),
	(285, '11/12/2017', 0),
	(286, '11/12/2017', 0),
	(287, '11/12/2017', 0),
	(288, '12/12/2017', 0),
	(289, '04/12/2017', 0),
	(290, '13/12/2017', 0),
	(291, '12/12/2017', 0),
	(292, '07/12/2017', 0),
	(293, '13/12/2017', 0),
	(294, '03/12/2017', 294),
	(295, '09/12/2017', 295),
	(296, '07/12/2017', 296),
	(297, '13/12/2017', 297),
	(298, '13/12/2017', 298),
	(299, '13/12/2017', 299),
	(300, '13/12/2017', 300),
	(301, '13/12/2017', 301),
	(302, '13/12/2017', 302),
	(303, '13/12/2017', 303),
	(304, '13/12/2017', 304),
	(305, '13/12/2017', 305),
	(306, '26/12/2017', 306),
	(307, '26/12/2017', 0),
	(308, '27/12/2017', 308),
	(309, '27/12/2017', 309),
	(310, '27/12/2017', 310),
	(311, '27/12/2017', 311),
	(312, '27/12/2017', 312),
	(313, '27/12/2017', 313),
	(314, '27/12/2017', 314),
	(315, '27/12/2017', 315),
	(316, '27/12/2017', 316),
	(317, '01/01/2018', 317),
	(318, '02/01/2018', 318),
	(319, '02/01/2018', 319),
	(320, '02/01/2018', 320),
	(321, '02/01/2018', 321),
	(322, '02/01/2018', 0),
	(323, '02/01/2018', 0),
	(324, '02/01/2018', 0),
	(325, '02/01/2018', 0),
	(326, '02/01/2018', 0),
	(327, '10/01/2018', 327);
/*!40000 ALTER TABLE `pendiente` ENABLE KEYS */;

-- Volcando estructura para tabla sigsa.platillos
CREATE TABLE IF NOT EXISTS `platillos` (
  `IdPlatillo` int(10) NOT NULL AUTO_INCREMENT,
  `ClavePlatillo` varchar(12) NOT NULL,
  `Nombre` varchar(45) DEFAULT NULL,
  `Cantidad` int(11) DEFAULT NULL,
  `Precio` double DEFAULT NULL,
  `Imagen` int(12) NOT NULL,
  `IdMenu` int(10) NOT NULL,
  PRIMARY KEY (`ClavePlatillo`),
  UNIQUE KEY `IdPlatillo` (`IdPlatillo`),
  KEY `fk_PLATILLOS_IMAGENES1_idx` (`Imagen`),
  KEY `fk_PLATILLOS_MENU1_idx` (`IdMenu`),
  CONSTRAINT `fk_PLATILLOS_IMAGENES1` FOREIGN KEY (`Imagen`) REFERENCES `imagenes` (`ClaveImg`) ON DELETE NO ACTION ON UPDATE NO ACTION,
  CONSTRAINT `fk_PLATILLOS_MENU1` FOREIGN KEY (`IdMenu`) REFERENCES `menu` (`IdMenu`) ON DELETE NO ACTION ON UPDATE NO ACTION
) ENGINE=InnoDB AUTO_INCREMENT=22 DEFAULT CHARSET=utf8;

-- Volcando datos para la tabla sigsa.platillos: ~16 rows (aproximadamente)
/*!40000 ALTER TABLE `platillos` DISABLE KEYS */;
INSERT INTO `platillos` (`IdPlatillo`, `ClavePlatillo`, `Nombre`, `Cantidad`, `Precio`, `Imagen`, `IdMenu`) VALUES
	(1, 'p10RPP', 'Rollitos Primavera con Pollo', 20, 50, 15, 1),
	(2, 'p11AC', 'Alitas Coreanas', 20, 50, 1, 2),
	(3, 'p12AB', 'Alitas Barbiquiu', 20, 50, 20, 3),
	(4, 'p13PV', 'Pollo con Verduras', 10, 50, 11, 4),
	(6, 'p15RV', 'Res con Verduras', 10, 50, 12, 6),
	(7, 'p16ERJ', 'Estofado de Res Japonés', 10, 50, 24, 7),
	(18, 'p17pv', 'Puerco con verduras', 50, 50, 11, 3),
	(20, 'p19rp', 'Rollitos primavera', 50, 15, 15, 3),
	(8, 'p1LCR', 'Lasaña de Carne de Res', 10, 30, 25, 1),
	(9, 'p2PT', 'Puerco Tempura', 10, 50, 14, 2),
	(10, 'p3FR', 'Fajitas de Res', 10, 50, 26, 3),
	(11, 'p4CB', 'Costillitas a la Barbiquiu', 10, 50, 22, 4),
	(12, 'p5S', 'Sushi', 30, 50, 17, 5),
	(13, 'p6CT', 'Camarones Tempura', 10, 50, 18, 6),
	(14, 'p7CV', 'Camarones con Verdura', 10, 50, 23, 7),
	(15, 'p8FBT', 'Filete Blanco Tempura', 10, 50, 10, 1),
	(16, 'p9RPV', 'Rollitos Primavera con Verdura', 10, 10, 21, 2);
/*!40000 ALTER TABLE `platillos` ENABLE KEYS */;

-- Volcando estructura para tabla sigsa.ubicacion
CREATE TABLE IF NOT EXISTS `ubicacion` (
  `ClaveUbicacion` int(12) NOT NULL AUTO_INCREMENT,
  `Colonia` varchar(45) DEFAULT NULL,
  `Calle` varchar(45) DEFAULT NULL,
  `NumCasa` varchar(45) DEFAULT NULL,
  `Referencias` varchar(100) DEFAULT NULL,
  `CordenadaLatitudLongitud` varchar(100) DEFAULT NULL,
  PRIMARY KEY (`ClaveUbicacion`)
) ENGINE=InnoDB AUTO_INCREMENT=385 DEFAULT CHARSET=utf8;

-- Volcando datos para la tabla sigsa.ubicacion: ~217 rows (aproximadamente)
/*!40000 ALTER TABLE `ubicacion` DISABLE KEYS */;
INSERT INTO `ubicacion` (`ClaveUbicacion`, `Colonia`, `Calle`, `NumCasa`, `Referencias`, `CordenadaLatitudLongitud`) VALUES
	(147, 'Jacarandas', 'Fresnos', '234', 'casa verde', ''),
	(148, 'Nuevo orleans', 'Rosita', '1243', 'Casa dos pisos', ''),
	(149, 'Centro', 'Av. Revolución', '178', 'Puerta verde', ''),
	(150, 'Los pinos', 'tronos', '345', '', ''),
	(151, 'Los Ángeles', '5 de mayo', '32', 'pinos en la calle', ''),
	(152, 'Los Ángeles', 'Nogales', '23', 'Rosal afuera', ''),
	(153, 'Los Angeles', 'Emperador', '65', '', ''),
	(154, 'Centro', 'Av. constitución', '123', '', ''),
	(155, 'Progreso', '21 Nte.', '675', '', ''),
	(156, 'PROGRESO', '10 PTE.', '368', '', ''),
	(157, 'LOS ÁNGELES', 'CUAHUTEMOC', '87', '', ''),
	(158, 'LA VILLA', '6 PONIENTE', '1511-A', 'CASA AZUL DOS PISOS', ''),
	(159, 'NUEVO AMANECER', '5 DE MAYO', '4763', '', ''),
	(160, 'SAN FRANCISCO', '12 NTE.', '2', '', ''),
	(161, 'CENTRO', 'AV. REVOLUCIÓN', '12', '', ''),
	(162, 'ZAPATA', 'SIN NOMBRE', 'S/N', 'ENFRENTE DEL TALLER "PEPE"', ''),
	(163, 'LOS PINOS', 'TROYA', '34', '', ''),
	(164, 'CENTRO', '8 PONIENTE', '879', '', ''),
	(165, 'SAN REFAEL', '7 OTE.', '635', '', ''),
	(166, 'SAN FRANCISCO', '12 NTE.', '362', '', ''),
	(167, 'CENTRO', '14 NTE.', '21', '', ''),
	(168, 'CENTRO ', 'INSURGENTES', '8742', 'PUERTA VERDE', ''),
	(169, 'AJACAYAN', '14 NTE.', 'SN', '', ''),
	(170, 'LOS ÁNGELES', '16 DE SEP.', '512', '', ''),
	(171, 'LOS ANGELES', 'NOGALES', '126', '', ''),
	(172, 'SAN JOSE', '4 NTE.', '900', '', ''),
	(173, 'CENTRO', 'JOSE MARIA ANDRACA', 'S/N', '', ''),
	(174, 'MUNICIPIO LIBRE', '10 OTE.', '2011', '', ''),
	(175, 'MUNICIPIO LIBRE', 'SIN NOMBRE', '2237', '', ''),
	(176, 'DULCE NOMBRE', '8 NTE.', '467', '', ''),
	(177, 'MUNICIPIO LIBRE', '10 ORIENTE', '1321', '', ''),
	(178, 'MUNICIPIO LIBRE', '12 NORTE', '217', '', ''),
	(179, 'EUCARIA APREZA', '5 DE MAYO', '1283', '', ''),
	(180, 'BUENA VISTA', '16 DE SEP.', 'SN', '', ''),
	(181, 'LA JOYA', 'FLORIDA', 'SN', '', ''),
	(182, 'EMILIAO ZAPATA ', 'TIERRA Y LIBERTAD', '836', '', ''),
	(183, 'EMILIANO ZAPATA', 'DEL CAMPESINO', 'SN', '', ''),
	(184, 'EMILIANO ZAPATA', 'UNIÓN', '34', '', ''),
	(185, 'EMILIANO ZAPATA', 'ARTESANO', 'SN', '', ''),
	(186, 'LA ESMERALDA', 'LA PERLA', '8874', '', ''),
	(187, 'CONALEP', 'CUAHUTEMOC', 'SN', '', ''),
	(188, 'CIENEGA', 'GIRASOLES', 'SN', '', ''),
	(189, 'LA VILLA', '13 NTE.', 'SN', '', ''),
	(190, 'LA VILLA', '15 NTE.', 'SN', '', ''),
	(191, 'PROGRESO', 'PROGRESO', 'SN', '', ''),
	(192, 'POPULAR', 'DEL AGUILA', '756', '', ''),
	(193, 'POPULAR', 'LOS COCOYITOS', '873', '', ''),
	(194, 'POPULAR', 'LAS PALMAS', 'SN', '', ''),
	(195, 'POPULAR', 'COCOTEROS', 'SN', '', ''),
	(196, 'NUEVO AMANECER', 'MIGUEL HIDALGO', 'SN', '', ''),
	(197, 'CENTRO', '14 NTE.', '3782', '', ''),
	(198, 'LUIS DONALDO COLOSIO', 'CONSTITUCIÓN', '74652', '', ''),
	(199, 'LUIS DONALDO COLOSIO ', 'EL MIRADOR', 'SN ', '', ''),
	(200, 'LUIS DONALDO COLOSIO', 'ERMENEGILDO GALEANA', 'SN', '', ''),
	(201, 'LUIS DONALDO COLOSIO', 'MIGUEL HIDALGO Y COSTILLA', 'SN', '', ''),
	(202, 'EL PEDREGAL', '11 OTE.', 'sn', '', ''),
	(203, 'EL TEPEYAC', 'LOS FRESNOS', 'SN', '', ''),
	(204, 'GUERRERO', 'LAZARO CARDENAS', '1236', '', ''),
	(205, 'GENARO VAZQUEZ ROJAS', '15 NTE.', 'SN', '', ''),
	(206, 'LOS SAUCES', '12 OTE.', 'SN', '', ''),
	(207, 'LOS SAUCES', '18 NTE.', 'SN', '', ''),
	(208, 'RUBEN FIGUEROA', 'DIAMANTE', 'SN', '', ''),
	(209, 'RUBEN FIGUEROA', 'RUBÍ', 'SN', '', ''),
	(210, 'RUBEN FIGUEROA', 'CARRIZAL', 'SN', '', ''),
	(211, 'JABONCILLO', 'MARFIL', 'SN', '', ''),
	(212, 'VILLA DEL SOL', 'MERCURIO', 'SN', '', ''),
	(213, 'CANDELARIA', '3 DE FEBRERO', '1267', '', ''),
	(214, 'LA CANDELARIA', 'VENUS', 'SN', '', ''),
	(215, 'JABONCILLO', 'JABONCILLO', 'SN', 'PUERTA BLANCA', ''),
	(216, 'BELLA VISTA', '10 DE ENERO', 'SN', 'DOS PISOS ROJA', ''),
	(217, 'BELLA VISTA', '5 DE  MAYO', '276', 'CAJA DE MADERA', ''),
	(218, 'BELLA VISTA', 'LOS FRESNOS', '187', '', ''),
	(219, 'PROGRESO', '31 NTE.', 'SN ', 'PUERTA ROSA', ''),
	(220, 'GENARO VAZQUEZ ROJAS', '15 NTE.', '38', '', ''),
	(221, 'GENARO VAZQUEZ ROJAS', '13 NTE.', 'SN ', 'CASA CAFE', ''),
	(222, 'LA VILLA', 'CONSTITUCIÓN', '1245', 'MOTOS NERI', ''),
	(223, 'LA VILLA', '17 NTE.', 'SN', '', ''),
	(224, 'LOS PINOS', '6 DE AGOSTO', '1983', '', ''),
	(225, 'LOS PINOS', '17 DE MARZO', 'SN', '', ''),
	(226, 'EUCARIA APREZA', 'SAN ISIDRO', 'SN', 'BARANDAL VERDE', ''),
	(227, 'EUCARIA APREZA', 'VICENTE GUERRERO', 'SN', '', ''),
	(228, 'EUCARIA APREZA', 'MORELOS', 'SN', 'POSTE DE LUZ ENFRENTE', ''),
	(229, 'CANDELARIA', '13 NTE.', '2893', '', ''),
	(230, 'EL ZOYATAL', 'SAN ISIDRO', '5172', '', ''),
	(231, 'EL CENTRO', '8 NTE.', 'SN', 'PUERTA VERDE', ''),
	(232, 'LA PERLA', '14 NTE.', '283', '', ''),
	(233, 'CONALEP', 'CUAHUTEMOC', '873', 'ENFRENTE DEL PANTEÓN', ''),
	(234, 'GUERRERO', '11 PTE.', 'SN', 'POZO AGUA', ''),
	(235, 'CENTRO', 'AV. REVOLUCION', '927', '', ''),
	(236, 'LA CIENEGA', 'TOPACIO', 'SN', 'PUERTA GRIS', ''),
	(237, 'LA CIENEGA', 'CORAL', 'SN', 'CASA AMARILLA', ''),
	(238, 'EMILIANO ZAPATA', 'GRAL. DELGADO MEZA', 'SN', 'PERRO AMARRADO', ''),
	(239, 'MAGISTERIAL', 'JUQUILA', '237', 'TENGO HAMBRE', ''),
	(240, 'MAGISTERIAL', 'EMILIANO ZAPATA', 'SN', 'COCA COLA', ''),
	(241, 'RÚBEN FIGEROA', 'AHUEJOTES', 'SN', 'REFRIS DESCOMPUESTOS ENFRENTE', ''),
	(242, 'EUCARIA APREZA', 'SIN NOMBRE', '1235', 'ESC. SEC, TEC, IMA', ''),
	(243, 'ZAPATA', '23 SUR', 'SN', '', ''),
	(244, 'JACARANDAS', 'FRESNOS', '28', 'MISCELAEA MARROQUI', ''),
	(245, 'NUEVO AMANECER', 'INDEPENDENCIA', 'SN', 'CASA DOS PISOS BEIGE', ''),
	(246, 'NUEVO AMANECER', 'ALMENDROS', '289', 'CARPINTERIA JAIMITO EL BORRACHIN', ''),
	(247, 'LA VILLA', '25 NTE.', '873', 'RIESGO DE BOMBA', ''),
	(248, 'SAN FRANCISCO', '7 ORIENTE', '1762', '', ''),
	(249, 'SAN FRANCISCO', '18 SUR', 'SN', '', ''),
	(250, 'SAN FRANCISCO', '9 OTE.', '918', '', ''),
	(251, 'EL PEDREGAL', '11 OTE.', '827', 'CASA ROSA', ''),
	(252, 'EL TECOLOTE', '9 SUR', 'SN', '', ''),
	(253, 'EL TECOLOTE', '7 SUR.', 'SN', 'TIENDA DOÑA NACHITA', ''),
	(254, 'EL TECOLOTE', '10 DE ENEREO', '238', '', ''),
	(255, 'EUCARIA APREZA', 'MORELOS', 'SN', 'PUERTA GRIS', ''),
	(256, 'EUCARIA APREZA', 'NIÑOS HEROES', '837', '', ''),
	(257, 'EUCARIA APREZA', 'VICENTE GUERRERO', '983', '', ''),
	(258, 'EUCARIA APREZA', 'VALERIO TRRUJANO', '8263', '', ''),
	(259, 'EUCARIA APREZA', '24 DE FEBRERO', '836', '', ''),
	(260, 'EUCARIA APREZA', '21 DE MARZO', '8364', '', ''),
	(261, 'EUCARIA APREZA', 'SAN ISIDRO', '2780', '', ''),
	(262, 'NUEVO AMANECER', 'ALMENDROS', '1973', '', ''),
	(263, 'NUEVO AMANECER', 'INDEPENDENCIA', '9837', '', ''),
	(264, 'NUEVO AMANECER', 'TABACHINES', '9274', '', ''),
	(265, 'NUEVO AMANECER', 'DIAMANTE', '928', '', ''),
	(266, 'LA JOYA', 'AGUA MARINA', 'SN', 'REFACCIONARIA', ''),
	(267, 'LA JOYA', 'ORO', '1982', '', ''),
	(268, 'LA JOYA', 'ESMERALDA', '2871', '', ''),
	(269, 'LA JOYA', 'FLORIDA', '9274', '', ''),
	(270, 'LA JOYA', 'RAFAEL M. BELLO', '9176', '', ''),
	(271, 'LA JOYA', 'LORO', '9273', '', ''),
	(272, 'LA JOYA', 'TURQUEZA', 'SN', 'VIRGEN ENFRENTE', ''),
	(273, 'LA JOYA', 'TOPACIO', '3939', '', ''),
	(274, 'LA JOYA', 'RUBÍ', '9182', '', ''),
	(275, 'LA JOYA', 'AZURITA', '9281', '', ''),
	(276, 'EL JABONCILLO', 'DIVINO', '928', '', ''),
	(277, 'REL JABONCILLO', 'VENUS', 'SN', 'PUERTA NARANJA', ''),
	(278, 'EL JABONCILLO', 'EL JABONCILLO', '8265', '', ''),
	(279, 'EL JABONCILLO', 'MERCURIO', 'SN', '', ''),
	(280, 'EL JABONCILLO', 'EMPERADOR CUAHUTEMOC', '1932', '', ''),
	(281, 'EL JABONCILLO', 'AMATISTA', '9187', '', ''),
	(282, 'DIAMANTE', 'DIAMANTE', '1872', '', ''),
	(283, 'RUBEN FIGUEROA', 'LAZARO ', '1273', 'TU BEBÉ SE PONE MAL', ''),
	(284, 'RUBEN FIGUEROA', '12 OTE.', '823', '', ''),
	(285, 'RUBEN FIHUEROA', 'CAMPO DE AVIACIÓN', '183', '', ''),
	(286, 'RUBEN FIGUEROA', 'VICENTE GUERRERO', '1982', '', ''),
	(287, 'RÚBEN FIGUEROA', '14 NTE', '8177', '', ''),
	(288, 'RÚBEN FIGUERO', 'DIAMANTE', '9182', '', ''),
	(289, 'RUBEN FIGUEROA', 'AHUEJOTES', '718', '', ''),
	(290, 'RUBEN FIGUEROA', 'PIRUL', '9812', '', ''),
	(291, 'RUBEN FIGUEROA', 'CARRIZAL', 'SN', 'CASA ADOBE', ''),
	(292, 'SAN FRANCISCO ', '6 SUR', '857', '', ''),
	(293, 'SAN FRANCISCO ', '5 OTE.', '234', '', ''),
	(294, 'SAN FRANCISCO', '6 SUR ', '546', '', ''),
	(295, 'SAN FRANCISCO', '10 SUR', '1872', '', ''),
	(296, 'san francisco', 'revolucion ', '1873', '', ''),
	(297, 'SAN FRANCISCO', '7 ORIENTE', '823', '', ''),
	(298, 'VALLE DORADO', 'JACARANDAS', '872', '', ''),
	(299, 'VALLE DORADO', 'NOGALES', '9172', '', ''),
	(300, 'VALLE DORADO', '16 DE SEP.', 'SN', '', ''),
	(301, 'VALLE DORADO', '24 DE FEBRERO', '172', '', ''),
	(302, 'MAGISTERIAL', 'JUQUILA', '1872', '', ''),
	(303, 'VICENTE GUERRERO', 'MERCURIO', '1873', '', ''),
	(304, 'LAS PALMAS', 'CUHATEMOC', '435', '', ''),
	(305, 'LA MURALLA II ', 'CIPRECES', '546', '', ''),
	(306, 'LA MURALLA II ', '10 MAYO', '647', '', ''),
	(307, 'LA MURALLA ', 'LAZARO CARDENAS', '785', '', ''),
	(308, 'LA MURALLA II ', '5 DE MAYO ', '678', '', ''),
	(309, 'LA MURALLA II', 'LOS CEDROS', 'SN', '', ''),
	(310, 'LA MURALLA II ', ' 12 DE FEBRERO', '456', '', ''),
	(311, 'LA MURALLA II ', 'LOS PINOS ', '567', '', ''),
	(312, 'LA MURALA II ', 'JACARANDAS ', '233', '', ''),
	(313, 'LA MURALLA II ', 'LÁZARO CÁEDENAS', '789', '', ''),
	(314, 'AURORA ', 'DIVINO', '789', '', ''),
	(315, 'AURORA', 'JABONCILLO', '4567', '', ''),
	(316, 'AURORA', 'FRANCISCO Y MADERO', '567', '', ''),
	(317, 'AURORA ', 'PREFESOR LUIS AGUILAR SANCHEZ', '567', '', ''),
	(318, 'NUEVO HORIZONTE', '13 NTE.', '789', '', ''),
	(319, 'EL TECOLOTE ', '25 NTE.', '234', '', ''),
	(320, 'TECOLOTE ', '23 NTE.', '456', '', ''),
	(321, 'TECOLOTE ', '21 NTE.', '345', '', ''),
	(322, 'TECOLOTE', '19 NTE', '4567', '', ''),
	(323, 'TECOLOTE ', '17 NTE', '987', '', ''),
	(324, 'TECOLOTE', 'INSURGENTES ', '678', '', ''),
	(325, 'TECOLOTE ', '19 SUR ', '2345', '', ''),
	(326, 'TECOLOTE ', '3 PTE.', '654', '', ''),
	(327, 'TECOLOTE ', '5 PTE.', '321', '', ''),
	(328, 'TECOLOTE ', '11 SUR', '345', '', ''),
	(329, 'CENTRO ', 'JOSE MARÍA ANDRACA', '567', '', ''),
	(330, 'CENTRO ', '6 SUR ', '456', 'COLEGIO MORELOS ', ''),
	(331, 'SAN ANTONIO', '11 OTE.', '567', '', ''),
	(332, 'SAN ANTONIO ', '12 SUR ', '456', 'DULCES Y ABARROTES ALEX ', ''),
	(333, 'SAN ANTONIO ', 'REVOLUCION ', '3456', 'SANTONO CRADOSO YESENIA ', ''),
	(334, 'SAN JOSE ', '7 OTE.', '345', '', ''),
	(335, 'SAN JOSE ', '18 SUR ', '345', 'IGLECIA SAN JOSE ', ''),
	(336, 'SAN JOSE ', '7 OTE.', '345', 'SALON DE EVENTOS LA TENERIA', ''),
	(337, 'LA VILLA', '13 NTE.', '568', '', ''),
	(338, 'LA VILLA', '8 PTE.', '409', '', ''),
	(339, 'LA VILLA', '21 NTE.', '456', '', ''),
	(340, 'LA VILLA ', '15 NTE', '4567', 'JARDIN LUZ Y ALEGRIA ', ''),
	(341, 'QUO VADIS', 'CRUZ VERDE ', '456', 'TALLER MECANICO LOS BARRIOS', ''),
	(342, 'FLOR MORADA ', 'NUEVO HORIENTE', '678', '', ''),
	(343, 'SAN LUCAS ', 'JOSE MARIA MORELOS Y PAVON ', '345', '', ''),
	(344, 'EUCARIA APREZA', 'MORELOS ', '2345', '', ''),
	(345, 'EL MIRADOR ', '11 PTE.', '4567', '', ''),
	(346, 'GENARO VAZQUEZ ROJAS ', '5 DE OCTUBRE', '678', '', ''),
	(347, 'PROGRESO', '10 PTE.', '567', '', ''),
	(348, 'AURORA', 'VENUS', '456', '', ''),
	(349, 'ESMERALDA', 'TOPACIO', '1234', '', ''),
	(350, 'EL DIAMANTE', 'LA ESPERANZA ', '223', '', ''),
	(351, '', '', '', '', '(17.6024254652718, -99.18268203735352)'),
	(352, '', '', '', '', '(17.587239769059725, -99.17320244014263)'),
	(353, '', '', '', '', '(17.602260563060266, -99.18124571442604)'),
	(354, '', '', '', '', '(17.595253997442033, -99.1738548874855)'),
	(355, '', '', '', '', '(17.59855981103409, -99.1692066192627)'),
	(356, '', '', '', '', '(17.591895709557157, -99.17838647961617)'),
	(357, '', '', '', '', '(17.609215726338487, -99.17229652404785)'),
	(358, '', '', '', '', '(17.590644165675695, -99.17864799499512)'),
	(359, '', '', '', '', '(17.592404506328048, -99.17446509003639)'),
	(360, '', '', '', '', '(17.593873361329695, -99.17482852935791)'),
	(361, '', '', '', '', '(17.597089715784534, -99.16573315858841)'),
	(362, '', '', '', '', '(17.5962723, -99.17161799999997)'),
	(363, '', '', '', '', '(17.60397988492047, -99.1842269897461)'),
	(364, '', '', '', '', '(17.59744509642831, -99.17216777801514)'),
	(365, '', '', '', '', '(17.605440899999998, -99.18818549999997)'),
	(366, '', '', '', '', '(17.603898073693586, -99.1760516166687)'),
	(367, '', '', '', '', '(17.603059506481078, -99.18139457702637)'),
	(368, '', '', '', '', '(17.605440899999998, -99.18818549999997)'),
	(369, '', '', '', '', '(17.605440899999998, -99.18818549999997)'),
	(370, '', '', '', '', '(17.602200482372115, -99.18139457702637)'),
	(371, '', '', '', '', '(17.605440899999998, -99.18818549999997)'),
	(372, 'sadas', 'asd', '342', 'asdsa', ''),
	(373, '', '', '', '', '(17.597736559168272, -99.1752415895462)'),
	(374, '', '', '', '', '(17.5515346, -99.50063219999998)'),
	(375, '', '', '', '', '(17.5978464967463, -99.17519465088844)'),
	(376, 'nuevo amanecer', 'wrwer', '298', '50', ''),
	(377, 'wer', 'wer ', '45', 'werew', ''),
	(378, 'cbc', 'cvb', 'cvb', 'bmnb', ''),
	(379, 'bhh', 'vbn', 'vbn', 'mbnm', ''),
	(380, 'gf', 'fgfgf', 'fgf', 'fgf', ''),
	(381, 'bnm', 'bnm', 'bnm', 'bnm', ''),
	(382, 'bnm', 'bnm', '36', '', ''),
	(383, 'bnm', 'bnm', '36', '', ''),
	(384, '', '', '', '', '(17.602683000000003, -99.18435679999999)');
/*!40000 ALTER TABLE `ubicacion` ENABLE KEYS */;

-- Volcando estructura para tabla sigsa.ventas
CREATE TABLE IF NOT EXISTS `ventas` (
  `IdVenta` int(20) NOT NULL AUTO_INCREMENT,
  `Total` double DEFAULT NULL,
  `FechaVenta` varchar(45) DEFAULT NULL,
  `IdAdmin` int(10) NOT NULL,
  `IdListaPedido` int(30) NOT NULL,
  UNIQUE KEY `IdVenta` (`IdVenta`),
  KEY `fk_VENTAS_ADMINISTRADORES1_idx` (`IdAdmin`),
  KEY `fk_VENTAS_LISTADOPEDIDOS1_idx` (`IdListaPedido`),
  CONSTRAINT `fk_VENTAS_ADMINISTRADORES1` FOREIGN KEY (`IdAdmin`) REFERENCES `administradores` (`IdAdmin`) ON DELETE NO ACTION ON UPDATE NO ACTION,
  CONSTRAINT `fk_VENTAS_LISTADOPEDIDOS1` FOREIGN KEY (`IdListaPedido`) REFERENCES `listadopedidos` (`IdListaPedido`) ON DELETE NO ACTION ON UPDATE NO ACTION
) ENGINE=InnoDB AUTO_INCREMENT=107 DEFAULT CHARSET=utf8;

-- Volcando datos para la tabla sigsa.ventas: ~103 rows (aproximadamente)
/*!40000 ALTER TABLE `ventas` DISABLE KEYS */;
INSERT INTO `ventas` (`IdVenta`, `Total`, `FechaVenta`, `IdAdmin`, `IdListaPedido`) VALUES
	(1, 190, '2017-11-25', 1, 167),
	(2, 65, '2017-11-25', 1, 181),
	(3, 60, '2017-11-25', 1, 225),
	(4, 50, '2017-11-26', 1, 175),
	(5, 150, '2017-11-26', 1, 153),
	(6, 185, '2017-11-26', 1, 171),
	(7, 335, '2017-11-27', 1, 172),
	(8, 115, '2017-11-27', 1, 150),
	(9, 90, '2017-11-27', 1, 211),
	(10, 125, '2017-11-28', 1, 170),
	(11, 110, '2017-11-28', 1, 212),
	(12, 185, '2017-11-28', 1, 240),
	(13, 150, '2017-11-29', 1, 162),
	(14, 50, '2017-11-29', 1, 157),
	(15, 170, '2017-11-29', 1, 138),
	(16, 120, '2017-11-30', 1, 137),
	(17, 115, '2017-11-30', 1, 135),
	(18, 75, '2017-11-30', 1, 140),
	(19, 185, '2017-12-01', 1, 139),
	(20, 170, '2017-12-01', 1, 169),
	(21, 270, '2017-12-01', 1, 174),
	(22, 45, '2017-12-02', 1, 183),
	(23, 70, '2017-12-02', 1, 166),
	(24, 65, '2017-12-02', 1, 178),
	(25, 105, '2017-12-03', 1, 294),
	(26, 105, '2017-12-03', 1, 143),
	(27, 325, '2017-12-03', 1, 146),
	(28, 155, '2017-12-04', 1, 215),
	(29, 80, '2017-12-04', 1, 226),
	(30, 260, '2017-12-04', 1, 228),
	(31, 155, '2017-12-05', 1, 144),
	(32, 240, '2017-12-05', 1, 246),
	(33, 100, '2017-12-05', 1, 284),
	(34, 310, '2017-12-06', 1, 198),
	(35, 100, '2017-12-06', 1, 188),
	(36, 130, '2017-12-06', 1, 194),
	(37, 290, '2017-12-07', 1, 242),
	(38, 170, '2017-12-07', 1, 193),
	(39, 315, '2017-12-07', 1, 292),
	(40, 85, '2017-12-08', 1, 252),
	(41, 110, '2017-12-08', 1, 200),
	(42, 195, '2017-12-08', 1, 214),
	(43, 100, '2017-12-09', 1, 259),
	(44, 30, '2017-12-09', 1, 222),
	(45, 60, '2017-12-09', 1, 274),
	(46, 650, '2017-12-10', 1, 156),
	(47, 100, '2017-12-10', 1, 264),
	(48, 50, '2017-12-10', 1, 230),
	(49, 185, '2017-12-10', 1, 232),
	(50, 90, '2017-12-11', 1, 227),
	(51, 100, '2017-12-11', 1, 265),
	(52, 50, '2017-12-11', 1, 223),
	(53, 50, '2017-12-11', 1, 221),
	(54, 100, '2017-12-12', 1, 280),
	(55, 170, '2017-12-12', 1, 159),
	(56, 100, '2017-12-12', 1, 288),
	(57, 150, '2017-12-12', 1, 206),
	(58, 65, '2017-12-13', 1, 177),
	(59, 60, '2017-12-13', 1, 258),
	(60, 70, '2017-12-13', 1, 235),
	(61, 210, '2017-12-13', 1, 204),
	(62, 100, '2017-11-25', 1, 268),
	(63, 85, '2017-11-25', 1, 257),
	(64, 100, '2017-11-26', 1, 273),
	(65, 120, '2017-11-26', 1, 283),
	(66, 410, '2017-11-27', 1, 209),
	(67, 100, '2017-11-27', 1, 271),
	(68, 55, '2017-11-28', 1, 244),
	(69, 65, '2017-11-28', 1, 191),
	(70, 140, '2017-11-29', 1, 241),
	(71, 150, '2017-11-29', 1, 278),
	(72, 70, '2017-11-30', 1, 279),
	(73, 85, '2017-11-30', 1, 256),
	(74, 55, '2017-12-01', 1, 165),
	(75, 100, '2017-12-01', 1, 187),
	(76, 60, '2017-12-02', 1, 266),
	(77, 65, '2017-12-02', 1, 245),
	(78, 70, '2017-12-03', 1, 238),
	(79, 30, '2017-12-03', 1, 220),
	(80, 20, '2017-12-04', 1, 289),
	(81, 85, '2017-12-04', 1, 192),
	(82, 85, '2017-12-05', 1, 248),
	(83, 170, '2017-12-05', 1, 190),
	(84, 55, '2017-12-06', 1, 142),
	(85, 50, '2017-12-06', 1, 219),
	(86, 200, '2017-12-07', 1, 247),
	(87, 260, '2017-12-07', 1, 296),
	(88, 55, '2017-12-08', 1, 149),
	(89, 90, '2017-12-08', 1, 208),
	(90, 100, '2017-12-09', 1, 269),
	(91, 240, '2017-12-09', 1, 295),
	(92, 90, '2017-12-10', 1, 201),
	(93, 495, '2017-12-10', 1, 145),
	(94, 50, '2017-12-11', 1, 237),
	(95, 65, '2017-12-11', 1, 182),
	(96, 75, '2017-12-12', 1, 155),
	(97, 215, '2017-12-12', 1, 301),
	(98, 70, '2017-12-13', 1, 297),
	(99, 110, '2017-12-13', 1, 202),
	(100, 55, '2017-12-13', 1, 300),
	(101, 200, '2017-12-13', 1, 299),
	(102, 365, '2017-12-13', 1, 293),
	(103, 100, '2017-12-13', 1, 290),
	(104, 75, '2017-12-27', 2, 316),
	(105, 55, '2017-12-27', 2, 315),
	(106, 50, '2018-01-02', 1, 319);
/*!40000 ALTER TABLE `ventas` ENABLE KEYS */;

/*!40101 SET SQL_MODE=IFNULL(@OLD_SQL_MODE, '') */;
/*!40014 SET FOREIGN_KEY_CHECKS=IF(@OLD_FOREIGN_KEY_CHECKS IS NULL, 1, @OLD_FOREIGN_KEY_CHECKS) */;
/*!40101 SET CHARACTER_SET_CLIENT=@OLD_CHARACTER_SET_CLIENT */;
